transaction_id,amount,average_amount,new_device,new_beneficiary,transactions_last_hour,failed_logins_last_hour,transaction_hour,is_fraud
1,60.85,73.76,False,False,5,0,5,0
2,107.92,271.03,True,False,13,3,4,1
3,566.71,875.84,False,False,1,1,17,0
4,1093.47,855.12,True,False,6,3,2,1
5,1158.24,637.59,False,True,1,0,1,0
6,1042.4,411.12,False,False,3,1,7,0
7,139.78,212.58,False,False,3,0,6,0
8,76.45,80.5,False,False,4,0,17,0
9,390.46,660.71,False,False,3,0,16,0
10,453.48,997.66,True,True,3,1,7,0
11,556.92,616.09,False,False,3,0,13,0
12,239.89,373.17,True,False,3,3,21,0
13,1744.38,876.99,False,True,3,0,21,0
14,317.69,619.0,False,False,4,0,23,0
15,51.73,131.37,False,False,1,0,13,0
16,1754.13,626.26,False,False,3,0,16,0
17,449.15,541.7,False,False,1,0,0,0
18,362.6,910.15,False,False,1,0,23,0
19,376.27,280.85,True,False,2,0,6,0
20,1307.38,984.96,False,False,1,0,18,0
21,201.22,489.5,False,False,0,0,5,0
22,619.11,930.05,False,False,2,0,17,0
23,1100.43,794.87,False,False,2,1,14,0
24,39.13,105.56,False,True,2,2,6,0
25,235.33,126.11,False,False,1,1,6,0
26,745.81,448.26,False,False,3,0,14,0
27,210.84,932.57,False,False,0,0,9,0
28,1094.94,886.82,False,False,3,0,21,0
29,5445.43,826.25,True,True,4,0,22,1
30,368.52,317.67,False,False,2,0,6,0
31,572.07,452.4,True,True,4,1,22,1
32,1658.9,582.86,False,True,0,0,18,0
33,832.83,342.85,False,False,1,0,22,0
34,275.92,436.06,False,False,7,1,5,0
35,1255.75,928.26,False,False,1,0,17,0
36,2152.41,865.66,False,False,4,0,1,0
37,2160.72,314.67,False,False,3,1,5,0
38,5485.99,971.88,False,True,7,6,15,1
39,2677.89,985.02,False,True,2,0,11,0
40,130.99,116.48,False,False,3,0,18,0
41,525.11,712.35,False,False,3,0,17,0
42,70.73,50.39,False,False,2,0,20,0
43,1966.75,961.84,False,False,3,0,12,0
44,70.7,263.41,False,False,4,0,23,0
45,628.4,711.54,False,True,3,1,18,0
46,1221.45,813.9,False,False,1,0,21,0
47,1659.87,615.68,False,False,2,1,10,0
48,446.97,500.94,False,False,2,0,7,0
49,736.61,272.77,True,True,2,0,18,0
50,440.59,565.48,False,False,2,0,23,0
51,128.42,55.6,False,False,2,1,12,0
52,398.61,309.29,False,False,3,1,22,0
53,1168.2,424.32,True,False,12,1,3,1
54,1283.46,481.96,False,False,2,1,22,0
55,5917.88,954.32,True,False,1,4,0,1
56,143.92,276.62,False,False,1,0,8,0
57,374.22,205.58,False,False,5,0,11,0
58,846.27,706.08,False,True,15,4,23,1
59,470.09,379.84,False,False,4,1,16,0
60,1188.39,837.27,False,False,1,1,20,0
61,919.94,834.45,False,False,1,0,23,0
62,2974.74,410.04,False,False,4,0,13,0
63,473.63,540.8,False,False,1,0,19,0
64,295.76,138.4,False,False,2,0,22,0
65,648.76,717.71,False,False,1,0,10,0
66,1391.22,751.67,False,False,7,1,16,0
67,61.41,63.44,False,False,3,0,20,0
68,235.28,61.65,False,True,0,2,20,1
69,161.9,112.08,False,True,2,2,1,1
70,1944.95,776.22,False,False,11,3,14,1
71,1920.52,990.53,False,False,6,0,7,0
72,648.24,215.12,False,False,1,0,19,0
73,1556.3,271.75,False,True,3,3,1,1
74,365.15,912.99,False,False,3,0,8,0
75,326.11,338.89,False,False,2,1,13,0
76,907.57,267.48,False,False,15,2,10,1
77,473.72,668.93,False,False,2,0,15,0
78,202.04,149.37,False,False,2,1,0,0
79,475.56,357.11,False,False,3,0,11,0
80,922.29,641.5,True,False,1,0,20,0
81,847.84,974.49,False,False,2,0,8,0
82,257.81,161.59,False,False,1,1,12,0
83,352.0,187.41,False,True,0,1,15,0
84,528.06,532.35,False,False,8,0,22,0
85,459.54,365.82,False,False,7,0,18,0
86,2787.26,757.47,True,False,15,1,6,1
87,465.19,967.09,False,True,5,0,9,0
88,2402.21,792.45,False,True,5,3,20,1
89,517.7,84.1,False,False,3,0,8,0
90,233.2,709.3,False,False,2,0,23,0
91,421.45,221.05,False,False,2,0,13,0
92,1027.1,683.5,False,False,0,2,14,0
93,1163.01,453.09,False,False,2,0,23,0
94,5107.52,714.32,False,True,4,1,20,0
95,766.48,907.79,False,False,1,0,9,0
96,967.28,908.23,False,False,3,0,18,0
97,512.64,175.55,False,False,4,0,20,0
98,810.04,330.38,False,True,3,0,17,0
99,1965.79,814.36,True,False,2,0,23,0
100,1372.04,656.62,False,False,6,0,7,0
101,990.88,491.05,True,True,0,4,12,0
102,371.6,178.88,False,False,2,1,18,0
103,2382.34,842.01,False,False,1,0,16,0
104,2550.48,701.4,False,True,9,1,19,1
105,631.12,251.5,True,False,8,1,11,1
106,4421.39,776.9,False,True,3,1,1,1
107,285.99,563.2,False,True,2,1,5,0
108,166.94,99.78,False,False,3,0,21,0
109,1740.98,634.35,False,False,3,0,17,0
110,219.99,152.56,False,False,1,0,23,0
111,605.0,358.93,False,False,0,1,22,0
112,213.53,254.27,False,False,2,0,13,0
113,75.66,195.01,False,True,0,1,22,0
114,1457.06,958.79,True,True,15,3,6,1
115,1127.98,620.39,False,False,1,0,16,0
116,2346.51,314.64,False,False,9,1,13,1
117,2021.51,309.61,False,True,2,3,0,1
118,1949.38,553.96,True,True,5,0,9,1
119,612.67,636.95,False,False,2,0,8,0
120,289.07,155.35,False,False,1,3,1,0
121,229.48,250.67,False,True,3,0,12,0
122,338.2,841.69,False,True,0,2,23,0
123,438.82,434.2,False,False,1,2,16,0
124,3822.74,852.26,True,True,5,6,1,1
125,1424.85,651.56,False,True,15,1,1,1
126,499.59,214.82,True,False,3,0,23,0
127,1836.26,927.95,False,False,3,0,3,0
128,956.07,806.51,True,False,0,0,7,0
129,931.6,531.71,False,False,2,1,15,0
130,769.17,526.3,False,False,7,0,6,0
131,775.07,465.87,False,False,1,0,6,0
132,2309.02,664.94,False,False,3,0,9,0
133,711.95,603.6,False,False,2,0,14,0
134,368.9,661.32,False,False,8,2,18,0
135,192.76,67.32,False,False,1,4,14,0
136,370.8,146.08,False,True,1,1,17,0
137,432.35,221.8,False,False,0,0,19,0
138,654.04,764.77,False,False,4,2,23,0
139,620.15,488.6,False,False,4,1,13,0
140,2192.01,506.56,True,True,1,2,1,1
141,1296.74,910.04,False,False,2,0,0,0
142,173.65,405.26,False,False,0,1,9,0
143,693.14,322.54,False,False,2,0,2,0
144,365.81,192.04,False,False,1,0,19,0
145,3869.78,844.85,True,True,3,1,5,1
146,573.86,278.54,True,False,0,0,21,0
147,833.39,420.93,False,False,0,1,8,0
148,242.6,748.43,False,False,1,1,20,0
149,5648.71,820.92,False,False,0,0,2,0
150,899.89,989.67,False,False,2,1,15,0
151,1068.43,809.38,False,False,1,0,16,0
152,1214.75,543.31,True,False,4,0,7,0
153,731.02,330.86,False,False,2,1,18,0
154,402.34,981.03,False,False,4,0,9,0
155,384.19,694.18,False,False,2,2,1,0
156,2223.03,951.38,False,False,2,0,8,0
157,392.7,226.75,False,True,9,3,4,1
158,500.27,920.65,False,False,5,0,15,0
159,733.48,724.06,False,True,3,1,16,0
160,97.33,165.29,False,True,2,0,22,0
161,4441.96,890.03,False,False,2,0,9,0
162,1389.3,660.22,False,False,4,0,9,0
163,3313.69,915.18,False,True,1,1,21,0
164,1688.64,853.64,False,True,1,0,10,0
165,1172.26,601.61,False,False,5,0,7,0
166,843.5,659.38,True,False,14,0,22,1
167,2352.11,958.82,False,False,0,0,20,0
168,974.81,373.18,False,False,1,0,21,0
169,335.12,353.16,False,True,1,0,12,0
170,2553.32,907.2,False,False,1,4,14,0
171,200.65,135.55,False,False,0,0,20,0
172,33.22,57.77,False,False,2,0,4,0
173,3177.83,575.56,False,False,7,0,8,0
174,2277.81,805.15,False,False,2,0,1,0
175,502.12,813.77,False,True,5,0,14,0
176,836.0,531.95,False,False,0,0,18,0
177,1715.93,806.92,True,False,6,1,23,0
178,164.77,98.79,False,False,2,1,23,0
179,705.37,154.4,False,False,2,1,6,0
180,1625.4,542.75,False,False,6,0,22,0
181,1567.77,783.39,False,False,1,0,12,0
182,2137.1,983.15,False,False,2,0,13,0
183,1610.8,594.8,False,False,3,0,0,0
184,724.87,470.26,False,False,5,0,23,0
185,81.72,98.23,False,True,1,0,9,0
186,2437.54,572.83,False,False,8,4,14,1
187,298.95,663.6,False,False,3,2,10,0
188,255.2,845.72,False,False,1,1,14,0
189,29.43,58.8,False,False,7,0,9,0
190,254.93,494.62,False,False,1,0,14,0
191,1998.35,769.42,False,False,2,0,10,0
192,110.35,503.58,False,False,1,0,23,0
193,787.97,671.0,False,False,7,3,14,1
194,807.26,656.78,False,False,2,0,16,0
195,974.9,571.77,False,False,1,1,7,0
196,1527.43,551.76,True,False,5,0,10,0
197,421.92,544.32,False,True,2,1,21,0
198,1220.49,585.72,False,True,1,0,7,0
199,2010.75,377.3,True,False,8,1,1,1
200,1561.66,777.54,False,False,2,1,17,0
201,765.08,965.94,False,True,13,3,12,1
202,1149.8,768.37,False,False,2,0,9,0
203,485.29,940.54,False,False,3,1,1,0
204,2817.39,614.25,False,True,0,3,22,1
205,4804.93,870.54,False,False,3,0,15,0
206,1464.43,882.45,False,False,2,0,10,0
207,1332.15,455.84,False,False,4,0,9,0
208,196.54,224.69,False,False,1,0,3,0
209,509.89,579.42,False,False,5,1,11,0
210,1033.36,408.31,False,True,14,4,1,1
211,88.99,366.32,False,False,1,4,12,0
212,625.26,718.58,False,False,2,0,16,0
213,1539.9,522.41,False,False,5,0,23,0
214,4349.08,754.19,False,False,1,0,23,0
215,1110.33,524.34,False,False,6,0,10,0
216,665.43,384.57,False,False,8,2,7,0
217,927.7,684.8,False,False,3,0,16,0
218,2411.64,655.84,False,True,13,4,5,1
219,77.13,311.0,False,False,4,2,8,0
220,252.92,278.92,False,False,0,2,12,0
221,680.98,264.56,False,False,3,0,22,0
222,282.61,654.91,False,False,1,3,21,0
223,573.69,268.28,False,False,5,0,22,0
224,87.81,81.26,False,False,3,1,7,0
225,1510.35,585.76,False,False,2,1,7,0
226,5058.97,975.61,False,False,3,2,15,0
227,1221.18,309.66,False,False,6,1,17,1
228,4275.63,637.69,True,True,3,7,0,1
229,2988.29,945.81,True,True,2,3,22,1
230,259.5,148.13,False,False,4,0,7,0
231,511.59,581.56,False,False,1,0,9,0
232,1295.54,462.94,False,True,3,3,11,1
233,889.75,178.72,False,False,4,0,9,0
234,960.26,623.05,False,False,1,1,23,0
235,863.17,359.59,False,False,1,4,22,0
236,796.93,740.85,False,False,6,3,9,1
237,616.57,279.92,False,True,8,0,21,0
238,265.42,876.15,False,False,4,0,8,0
239,1357.27,674.72,True,False,3,0,18,0
240,730.67,143.68,True,False,4,8,3,1
241,710.22,609.16,True,True,2,2,9,0
242,623.68,375.91,False,True,3,0,0,0
243,320.94,159.33,False,True,7,0,10,0
244,1107.46,455.05,False,False,3,0,11,0
245,1866.21,458.08,False,False,4,0,22,0
246,336.16,359.69,False,False,3,0,23,0
247,1808.24,384.39,False,True,4,0,15,1
248,1355.83,340.11,True,True,3,7,3,1
249,2126.08,708.76,False,False,1,0,6,0
250,712.21,954.25,False,False,3,0,19,0
251,874.75,128.54,False,False,2,0,20,0
252,373.44,157.55,False,False,4,0,22,0
253,921.54,453.9,False,False,0,0,7,0
254,858.49,994.26,False,False,2,1,10,0
255,1953.41,795.61,False,False,2,0,14,0
256,899.59,303.98,False,True,6,1,13,0
257,153.33,170.54,False,False,3,0,23,0
258,265.97,646.42,False,False,2,1,16,0
259,1352.38,513.64,False,True,7,0,7,0
260,1073.67,427.83,False,False,1,0,20,0
261,295.6,899.45,False,False,0,2,19,0
262,8608.1,960.13,False,False,5,3,13,1
263,1559.73,392.41,False,True,7,5,12,1
264,108.98,136.64,True,False,2,0,2,0
265,563.68,988.75,True,False,3,0,14,0
266,449.54,784.79,False,True,2,0,19,0
267,700.59,252.4,False,False,1,1,8,0
268,448.27,414.83,False,False,0,0,14,0
269,1442.63,705.95,False,False,2,1,6,0
270,1029.62,804.09,False,False,0,1,2,0
271,314.19,175.38,False,False,3,2,5,0
272,175.62,63.1,False,False,1,1,18,0
273,246.99,128.31,False,False,2,0,22,0
274,1226.11,607.12,False,False,2,2,12,0
275,2162.84,462.76,True,True,2,0,1,1
276,342.27,205.64,False,False,1,0,13,0
277,184.53,162.15,False,False,1,3,20,0
278,700.83,392.12,False,False,1,0,12,0
279,12.29,52.44,True,False,5,0,6,0
280,1261.89,918.25,False,False,3,0,2,0
281,1679.15,689.66,False,False,7,2,14,1
282,510.45,345.16,False,False,4,1,16,0
283,387.56,518.69,False,False,1,0,12,0
284,148.4,654.14,False,False,2,1,11,0
285,101.58,276.26,False,False,0,2,21,0
286,2066.54,900.8,False,False,3,0,6,0
287,899.14,966.01,False,False,3,1,13,0
288,2230.06,946.38,True,True,2,0,16,0
289,232.91,247.25,True,True,3,1,6,0
290,1892.66,863.74,False,False,0,0,10,0
291,1882.44,434.17,False,True,1,1,0,1
292,2464.78,983.44,False,False,3,0,7,0
293,215.9,111.25,True,False,10,0,3,1
294,5502.73,927.93,False,True,6,1,10,1
295,909.29,473.71,False,False,2,1,7,0
296,482.86,180.37,False,False,4,1,16,0
297,1413.43,792.36,False,False,0,0,2,0
298,1609.44,991.95,False,True,7,0,1,1
299,294.32,825.47,False,False,4,1,10,0
300,1319.77,612.89,False,True,3,2,23,0
301,2464.53,844.86,False,True,0,0,5,0
302,38.7,50.65,False,False,5,1,5,0
303,367.34,719.46,False,False,0,1,23,0
304,2965.1,336.68,True,True,8,6,4,1
305,769.29,932.4,False,True,1,0,5,0
306,2838.55,951.26,False,True,3,2,12,0
307,167.85,148.9,True,False,1,0,15,0
308,117.71,301.95,False,True,0,0,10,0
309,896.3,518.43,True,False,4,0,10,0
310,2508.93,809.23,False,True,1,1,7,0
311,1682.96,903.22,False,False,0,2,18,0
312,107.0,146.19,False,False,3,0,12,0
313,1442.24,423.26,True,True,11,0,4,1
314,282.42,142.14,False,False,1,1,13,0
315,2249.63,566.92,True,True,1,5,2,1
316,2063.04,305.13,False,True,1,0,23,0
317,179.51,107.93,False,False,5,0,14,0
318,388.92,907.64,False,False,14,4,3,1
319,2427.1,985.15,False,False,7,0,9,0
320,814.08,294.99,True,False,2,0,19,0
321,113.94,61.75,False,True,1,0,8,0
322,585.17,584.55,False,False,2,0,20,0
323,1853.0,311.64,True,True,7,6,6,1
324,237.35,924.79,False,False,1,0,8,0
325,608.4,266.56,False,False,3,0,19,0
326,1937.51,832.77,False,False,2,0,21,0
327,1418.57,791.49,False,False,1,0,0,0
328,1802.69,719.4,False,False,1,0,19,0
329,1034.22,876.96,False,False,3,0,17,0
330,6765.8,861.13,True,False,5,7,0,1
331,429.13,175.7,False,False,6,1,13,0
332,369.17,407.65,False,False,4,0,21,0
333,1715.66,968.16,False,False,3,0,13,0
334,1902.76,868.42,False,False,1,1,17,0
335,1417.91,696.72,False,False,2,0,4,0
336,797.78,376.01,False,False,6,0,10,0
337,417.76,882.67,False,False,4,1,15,0
338,689.41,261.14,False,False,2,0,8,0
339,2483.05,873.07,True,False,2,1,14,0
340,2613.13,877.31,False,False,5,3,10,0
341,356.73,513.2,False,True,1,1,10,0
342,1489.17,775.39,False,False,6,0,1,0
343,2209.18,952.57,False,True,0,1,16,0
344,156.0,147.57,True,True,6,0,21,0
345,1036.24,893.58,False,False,1,2,17,0
346,707.64,263.11,True,True,2,6,6,1
347,1280.27,658.31,False,True,1,1,0,0
348,628.5,411.24,False,False,3,0,21,0
349,1579.53,625.35,True,False,1,0,11,0
350,2307.79,789.06,False,False,1,0,20,0
351,144.09,52.6,False,False,1,0,8,0
352,1944.26,662.12,False,True,4,1,16,0
353,161.73,347.07,False,True,4,0,16,0
354,2156.47,957.33,False,False,1,0,17,0
355,1352.18,504.33,False,True,3,3,8,0
356,1283.24,611.21,False,False,2,0,9,0
357,736.64,513.72,True,False,0,1,23,0
358,695.03,262.79,False,False,3,0,20,0
359,1765.33,692.48,False,False,0,0,20,0
360,4781.09,875.94,False,False,0,0,17,0
361,225.36,124.89,True,False,1,3,5,0
362,1029.94,441.72,False,False,14,2,22,1
363,837.42,687.9,True,False,2,0,20,0
364,186.83,395.13,False,True,2,0,22,0
365,2739.46,716.99,False,False,3,0,11,0
366,2156.47,859.58,False,False,3,0,23,0
367,1659.84,897.17,False,False,0,1,18,0
368,1414.06,508.79,False,False,3,0,15,0
369,1148.48,415.43,False,False,6,3,9,0
370,1017.27,622.4,False,False,1,1,11,0
371,750.22,642.96,False,False,3,2,15,0
372,1415.55,772.74,False,False,3,1,18,0
373,2036.94,546.59,False,False,3,0,13,0
374,84.01,108.93,False,False,2,0,22,0
375,653.53,755.29,False,False,1,0,17,0
376,2319.72,798.71,True,False,1,1,19,0
377,1844.07,915.91,False,False,3,1,14,0
378,7689.57,984.28,False,True,0,0,10,0
379,639.23,292.27,False,True,1,0,14,0
380,1422.9,594.04,False,False,1,0,18,0
381,1158.3,433.25,False,False,1,2,20,0
382,187.02,832.5,False,False,5,0,6,0
383,1010.0,354.89,False,False,1,2,16,0
384,549.31,533.3,False,False,0,0,22,0
385,1267.06,645.59,False,False,4,0,18,0
386,594.42,942.76,False,False,0,0,22,0
387,2861.87,830.54,False,True,5,0,8,1
388,1527.51,659.35,False,False,0,2,14,0
389,402.5,317.44,False,True,1,0,22,0
390,1750.58,652.34,False,False,3,2,4,0
391,116.89,89.68,False,True,1,1,11,0
392,431.81,663.63,False,False,1,0,6,0
393,1395.71,935.75,False,False,0,0,20,0
394,333.49,389.28,False,True,1,0,14,0
395,479.46,194.78,False,True,1,1,18,0
396,441.77,391.51,False,False,3,0,7,0
397,1478.87,865.78,False,False,0,0,4,0
398,1934.81,822.01,False,True,1,1,9,0
399,590.61,262.14,False,False,2,0,12,0
400,542.26,816.21,False,False,1,2,9,0
401,413.93,509.33,False,True,2,0,16,0
402,287.42,922.01,False,True,6,0,13,0
403,745.39,591.65,False,False,0,0,12,0
404,602.23,385.25,False,False,2,0,7,0
405,202.92,316.77,False,False,3,0,8,0
406,328.92,504.87,False,True,0,0,21,0
407,1383.66,593.66,False,True,7,1,14,1
408,388.74,255.76,False,False,2,0,10,0
409,1134.57,535.26,False,False,0,0,5,0
410,1191.96,866.61,False,True,2,0,4,0
411,91.31,161.64,False,False,5,1,21,0
412,1234.46,881.08,False,False,3,0,23,0
413,991.41,177.19,False,True,6,2,0,1
414,1015.81,161.94,False,False,2,0,13,0
415,1070.09,559.3,False,False,1,0,10,0
416,611.01,577.17,False,False,3,1,12,0
417,571.82,714.35,False,False,2,0,10,0
418,1638.55,654.08,False,False,0,0,6,0
419,1903.14,934.15,False,False,0,1,20,0
420,592.2,241.62,False,True,2,0,10,0
421,1148.54,391.75,True,False,2,0,11,0
422,2588.4,750.08,False,False,5,0,13,0
423,1284.36,964.9,True,True,2,0,15,0
424,2156.45,812.8,False,False,3,2,12,0
425,1435.15,963.18,False,True,1,0,12,0
426,771.8,268.43,False,True,4,0,15,0
427,2695.34,934.83,True,True,2,1,11,1
428,235.66,279.95,False,False,2,1,7,0
429,1591.71,680.25,False,True,2,0,23,0
430,1427.39,516.27,False,False,2,0,20,0
431,211.16,80.93,False,False,1,0,5,0
432,168.33,250.21,True,False,7,4,2,1
433,1009.71,632.43,False,False,2,1,10,0
434,2430.91,980.31,False,False,2,1,9,0
435,34.16,59.26,False,False,2,0,13,0
436,1257.58,589.44,True,False,2,0,15,0
437,968.19,392.29,False,False,2,0,23,0
438,1589.92,666.67,False,False,2,1,17,0
439,1290.72,490.56,False,False,2,0,7,0
440,1092.15,376.44,True,True,6,2,16,1
441,364.25,544.89,False,True,1,0,7,0
442,1205.97,427.19,False,True,3,0,8,0
443,529.19,197.51,False,False,1,0,10,0
444,4208.39,680.37,False,True,4,3,4,1
445,1223.28,617.7,False,False,3,0,22,0
446,182.92,135.08,False,True,2,1,14,0
447,165.1,57.9,False,True,2,0,5,0
448,326.27,229.14,False,False,3,1,7,0
449,762.75,277.58,False,False,1,1,18,0
450,58.56,115.04,False,False,3,0,9,0
451,4900.42,558.22,True,True,8,1,1,1
452,735.53,256.33,False,False,7,0,9,1
453,4206.24,786.87,True,False,5,7,8,1
454,2135.77,728.95,False,False,1,1,11,0
455,770.3,697.37,False,True,5,0,14,0
456,723.27,893.14,True,False,1,0,8,0
457,513.26,280.93,False,False,1,1,20,0
458,333.01,637.71,True,True,13,0,1,1
459,680.55,580.43,False,False,0,0,13,0
460,523.92,511.04,False,False,1,0,13,0
461,401.54,618.75,False,False,4,0,21,0
462,1648.11,226.26,False,False,3,0,17,0
463,441.5,699.06,False,False,1,0,6,0
464,132.71,173.29,False,True,2,1,21,0
465,2506.45,610.79,False,True,5,0,7,0
466,1499.03,656.97,False,False,4,0,21,0
467,171.52,116.87,True,True,1,1,11,1
468,1923.01,674.03,False,False,3,1,19,0
469,1102.34,455.72,False,False,3,0,16,0
470,1469.01,572.58,False,False,4,0,22,0
471,708.58,777.42,False,False,2,1,5,0
472,1034.42,993.74,False,False,0,1,13,0
473,964.55,535.71,True,False,1,0,12,0
474,1082.62,820.52,False,False,3,1,23,0
475,42.83,140.6,False,False,4,2,18,0
476,729.99,874.44,False,False,0,1,14,0
477,394.03,353.35,False,True,3,4,23,0
478,340.34,260.98,False,True,2,0,7,0
479,1079.96,462.77,False,False,2,0,21,0
480,130.52,118.06,False,True,3,0,15,0
481,453.3,672.64,False,False,4,0,12,0
482,1048.37,405.13,True,True,6,2,14,0
483,2440.01,709.11,True,True,9,4,4,1
484,1701.76,571.36,False,False,2,2,13,0
485,617.33,319.81,True,False,0,0,16,0
486,137.49,68.12,False,False,7,0,22,0
487,1042.72,238.93,False,True,4,2,10,1
488,3326.45,700.1,True,False,4,0,17,1
489,4759.04,824.12,False,True,5,0,17,0
490,1473.06,694.1,False,False,2,0,19,0
491,422.81,246.42,False,False,1,1,9,0
492,1861.31,913.55,False,True,0,0,10,0
493,2075.29,885.66,False,False,2,0,13,0
494,62.47,228.54,False,False,3,0,12,0
495,600.44,391.3,False,False,3,0,20,0
496,276.34,205.6,False,False,6,0,11,0
497,333.95,112.83,False,False,1,0,17,0
498,1390.96,627.53,False,False,2,0,6,0
499,152.7,479.03,False,False,2,1,21,0
500,1379.9,964.46,False,False,1,0,6,0
501,1825.23,908.49,True,False,1,0,22,0
502,310.4,442.88,False,False,1,0,10,0
503,244.08,167.37,False,False,2,1,10,0
504,1133.62,411.58,False,False,1,1,6,0
505,498.69,344.04,False,True,1,0,13,0
506,2227.44,522.75,True,True,3,1,20,1
507,102.6,469.78,False,False,3,1,10,0
508,4874.76,670.61,False,False,1,2,3,0
509,416.82,203.27,False,False,2,2,16,0
510,170.59,138.47,False,True,2,0,9,0
511,1177.08,866.44,False,False,0,0,21,0
512,1434.13,509.48,False,False,3,0,16,0
513,1420.31,633.58,False,False,5,0,11,0
514,236.42,72.79,False,True,14,3,15,1
515,1626.37,815.74,False,False,0,0,5,0
516,1960.09,366.62,False,True,2,1,15,1
517,151.32,505.15,False,True,2,1,19,0
518,1125.13,443.26,False,False,1,0,15,0
519,2604.86,893.63,False,True,7,0,23,0
520,545.07,228.01,False,False,3,0,12,0
521,1399.66,837.98,False,False,0,0,21,0
522,442.47,508.53,True,False,13,2,9,1
523,235.82,143.34,False,False,0,0,8,0
524,3217.06,935.72,False,True,5,0,14,1
525,2774.75,770.57,True,True,9,4,3,1
526,160.84,309.02,False,False,1,0,13,0
527,636.81,719.14,True,False,1,0,20,0
528,43.2,97.93,False,False,5,0,19,0
529,761.66,346.82,False,False,7,1,9,0
530,1650.96,812.23,False,False,12,3,1,1
531,1097.01,900.92,False,False,1,1,20,0
532,1942.04,501.57,False,True,5,1,17,1
533,1628.74,806.92,False,False,2,0,22,0
534,2053.98,508.26,False,False,7,0,12,0
535,1504.9,686.12,False,True,2,0,19,0
536,3395.21,958.09,False,False,2,0,7,0
537,421.07,181.97,False,False,3,0,23,0
538,255.01,245.38,False,False,5,2,16,0
539,983.36,603.59,False,False,0,2,5,0
540,2166.81,829.72,False,False,3,0,17,0
541,317.7,463.43,False,False,4,0,14,0
542,275.23,686.56,True,False,2,0,7,0
543,2203.88,815.64,False,False,3,0,19,0
544,58.39,264.45,False,False,3,0,23,0
545,2128.72,979.32,True,False,3,0,13,0
546,55.65,124.32,False,False,6,0,23,0
547,238.32,100.14,False,False,2,1,14,0
548,192.05,83.56,False,False,0,0,6,0
549,90.44,327.17,False,True,0,1,13,0
550,556.07,294.11,False,False,3,0,12,0
551,938.88,809.4,True,True,5,0,18,0
552,548.02,276.05,False,False,1,0,8,0
553,1378.29,490.81,False,True,3,3,17,1
554,43.82,187.89,False,False,3,2,6,0
555,3737.27,554.73,False,False,4,2,8,1
556,1264.88,604.97,False,False,3,0,10,0
557,200.55,60.05,False,False,3,0,13,0
558,205.07,72.52,False,False,6,0,8,0
559,3083.76,624.45,False,True,2,0,13,1
560,3568.28,677.45,False,False,3,0,13,0
561,153.0,120.3,False,True,6,0,20,0
562,483.05,240.64,True,False,2,0,19,0
563,867.5,148.12,False,False,5,0,6,0
564,828.38,303.11,False,False,5,0,7,0
565,132.34,53.14,False,False,5,0,17,0
566,633.67,997.17,False,False,6,3,14,1
567,1071.71,217.79,False,False,5,0,7,0
568,139.8,466.08,True,False,1,0,14,0
569,2809.65,966.71,True,False,1,1,11,0
570,1435.35,683.95,False,True,2,2,1,0
571,131.55,68.11,False,False,0,0,8,0
572,528.22,212.15,True,False,4,0,18,0
573,1118.96,844.1,False,False,2,0,11,0
574,330.08,613.43,False,False,3,0,23,0
575,372.0,144.97,False,True,12,0,1,1
576,717.4,721.4,False,False,2,0,13,0
577,842.91,441.43,True,False,2,2,14,0
578,28.75,54.34,False,True,2,1,12,0
579,224.89,645.14,True,True,4,2,10,0
580,90.79,90.96,False,False,4,1,0,0
581,338.26,217.09,True,False,3,0,11,0
582,459.29,903.45,False,False,2,0,7,0
583,309.09,510.19,False,False,2,0,16,0
584,517.66,242.1,True,True,4,0,15,0
585,801.15,330.4,False,False,2,0,18,0
586,955.6,514.75,False,False,3,1,15,0
587,744.55,261.29,False,False,2,0,21,0
588,3248.84,554.57,False,True,7,1,0,1
589,525.09,436.29,False,False,0,0,19,0
590,4007.97,759.92,False,False,2,1,19,0
591,65.54,51.3,False,False,1,1,22,0
592,478.1,246.79,False,False,2,2,6,0
593,179.28,397.31,True,False,6,4,11,1
594,742.73,368.18,False,False,4,1,12,0
595,1249.99,903.04,True,False,2,0,20,0
596,707.13,694.39,False,False,6,1,7,0
597,1151.3,889.78,False,False,0,0,9,0
598,1724.03,881.24,False,False,2,0,19,0
599,18.43,70.41,False,False,2,0,15,0
600,1184.73,682.56,False,False,5,0,12,0
601,323.25,972.19,False,False,1,2,14,0
602,591.98,216.59,False,True,1,4,19,0
603,66.93,225.27,False,False,2,0,14,0
604,173.28,73.68,False,False,1,3,21,0
605,728.47,720.18,False,False,2,0,19,0
606,48.93,156.7,False,True,0,0,16,0
607,104.54,102.28,False,False,9,1,4,1
608,2032.73,693.21,False,False,3,0,2,0
609,935.43,730.17,True,False,1,0,11,0
610,1156.58,472.01,False,False,7,0,9,0
611,648.35,618.04,False,False,1,2,17,0
612,1530.8,438.99,False,True,2,1,3,1
613,539.58,516.06,False,False,3,0,9,0
614,1459.49,958.23,False,False,2,0,12,0
615,5408.96,776.48,True,True,7,3,20,1
616,1863.47,827.37,True,False,2,0,9,0
617,198.62,100.24,False,True,1,0,1,0
618,517.06,224.09,False,False,4,0,16,0
619,663.06,601.04,True,True,8,7,1,1
620,1506.26,196.83,True,False,9,2,0,1
621,844.73,174.67,True,True,8,6,2,1
622,1672.18,823.85,True,False,5,3,0,1
623,195.78,774.87,False,False,1,0,23,0
624,205.3,162.98,True,True,1,0,11,1
625,67.67,240.02,False,False,1,0,21,0
626,247.45,632.31,False,False,2,1,10,0
627,266.87,560.27,False,False,3,0,19,0
628,447.92,151.96,False,False,2,1,19,0
629,936.51,179.12,False,True,5,3,2,1
630,1914.68,749.37,False,False,7,0,20,0
631,2542.39,399.07,False,False,2,0,17,0
632,1705.27,611.03,False,True,7,0,17,0
633,829.15,846.2,False,False,1,1,17,0
634,2026.15,683.34,False,True,2,0,12,0
635,61.9,177.88,True,False,7,0,9,0
636,1316.9,642.07,False,False,2,0,21,0
637,651.43,376.43,False,True,2,2,15,0
638,1827.31,470.43,False,False,5,0,14,0
639,1072.37,513.08,False,False,2,0,21,0
640,1168.52,300.22,False,True,9,2,4,1
641,4949.96,845.09,False,True,5,3,2,1
642,1862.92,441.33,False,False,0,0,8,0
643,102.45,68.73,False,False,5,0,23,0
644,611.64,350.69,False,False,6,1,4,1
645,710.46,684.02,False,False,3,3,4,0
646,545.19,301.9,False,False,6,1,23,0
647,174.37,113.91,False,False,3,0,18,0
648,314.15,347.69,False,False,2,1,21,0
649,1730.57,598.0,False,False,5,0,18,0
650,2963.52,740.28,False,False,3,1,18,0
651,3369.72,838.7,False,False,3,0,17,0
652,1344.38,192.46,False,False,8,0,11,0
653,440.03,179.61,False,True,4,2,5,0
654,4156.38,901.68,False,False,6,2,7,1
655,729.9,847.82,False,False,1,0,21,0
656,482.9,890.34,False,False,2,0,12,0
657,205.56,257.11,False,False,4,0,8,0
658,1311.28,452.59,False,False,2,1,5,0
659,6094.3,909.97,False,True,5,0,17,0
660,2376.71,960.56,False,False,4,0,17,0
661,2601.69,922.03,False,False,4,0,15,0
662,229.53,778.4,False,False,6,0,15,0
663,2214.65,882.92,False,False,2,0,15,0
664,471.68,75.98,False,False,1,0,15,0
665,341.32,155.29,False,False,1,0,15,0
666,603.34,879.83,False,False,1,0,17,0
667,785.08,947.52,False,False,3,0,19,0
668,947.46,716.2,False,False,0,0,8,0
669,3277.27,549.55,False,True,3,1,13,1
670,1349.42,519.46,False,False,1,0,18,0
671,66.45,77.33,False,False,2,0,20,0
672,758.15,357.08,False,False,3,0,6,0
673,6026.99,934.51,False,False,0,0,17,1
674,1236.87,424.96,False,False,1,0,19,0
675,209.83,351.45,True,True,1,1,16,0
676,610.85,318.78,False,False,1,1,20,0
677,395.3,193.7,False,True,1,0,2,0
678,1336.41,493.78,False,False,7,0,8,0
679,403.59,873.54,False,False,1,0,23,0
680,6821.25,998.1,False,False,1,0,15,0
681,523.89,697.25,True,False,6,2,0,1
682,1415.31,722.32,False,False,1,0,19,0
683,2146.06,744.97,False,False,0,0,6,0
684,261.62,569.8,False,False,3,0,1,0
685,1823.86,790.52,False,True,2,0,14,0
686,292.42,623.34,False,False,2,0,18,0
687,2114.05,451.41,False,True,0,2,12,1
688,1220.32,727.95,False,True,2,0,14,0
689,438.15,171.4,False,False,0,0,0,0
690,980.68,442.37,False,False,2,1,3,0
691,96.65,223.1,False,False,2,0,13,0
692,729.46,922.21,True,False,1,0,5,0
693,1004.67,160.84,True,True,8,5,16,1
694,2367.09,964.98,True,True,1,1,11,0
695,502.33,248.77,False,False,4,0,19,0
696,1229.2,450.79,False,False,2,0,12,0
697,202.45,590.96,True,False,3,3,23,0
698,902.36,576.59,False,False,3,0,20,0
699,633.32,107.67,False,False,3,1,16,0
700,1037.23,464.42,False,False,2,0,19,0
701,949.16,328.72,False,False,3,1,10,0
702,658.23,318.33,False,False,3,0,20,0
703,769.45,248.96,False,False,1,1,6,0
704,309.56,370.85,False,False,8,1,22,0
705,318.13,193.62,False,False,5,0,8,0
706,2063.44,792.57,True,False,2,0,11,0
707,286.07,199.18,False,False,0,0,9,0
708,569.15,241.8,True,False,2,0,13,0
709,1581.75,767.1,False,False,2,0,18,0
710,1485.91,903.16,False,False,2,1,21,0
711,385.02,130.54,False,True,3,0,23,0
712,2116.86,650.03,False,False,11,3,22,1
713,855.82,735.47,False,False,3,0,11,0
714,924.84,643.14,False,False,3,1,7,0
715,1088.55,367.77,False,False,13,2,4,1
716,353.38,545.27,True,False,2,0,18,0
717,753.67,154.92,False,False,0,0,14,0
718,47.32,54.95,False,False,3,2,12,0
719,705.19,320.31,False,False,2,0,23,0
720,481.94,789.62,False,False,0,0,11,0
721,740.36,400.83,False,False,1,0,19,0
722,1299.6,950.43,False,False,2,0,21,0
723,247.36,162.16,False,False,2,2,18,0
724,498.06,401.11,True,True,5,2,5,1
725,62.21,185.03,False,False,1,1,8,0
726,617.3,114.19,False,False,1,0,9,0
727,773.01,529.53,False,False,1,1,18,0
728,297.18,905.23,False,False,1,0,5,0
729,1427.98,806.35,False,False,1,0,6,0
730,877.1,545.67,True,False,2,2,11,0
731,1040.06,720.34,False,False,2,0,5,0
732,1249.04,221.48,False,True,7,0,10,0
733,181.15,135.15,False,False,1,0,3,0
734,472.17,185.34,False,True,0,1,4,1
735,662.5,518.33,True,True,2,0,18,0
736,5297.49,918.05,False,True,3,0,23,0
737,99.84,129.71,False,False,7,1,18,0
738,4078.23,577.39,False,False,3,0,3,0
739,864.41,288.34,False,False,4,0,22,0
740,182.68,335.61,False,False,1,0,15,0
741,2790.37,948.14,False,False,3,0,15,0
742,2625.56,707.25,False,True,5,1,20,1
743,1132.25,561.22,True,True,4,0,16,0
744,522.86,407.56,False,False,7,0,11,0
745,1147.41,260.44,False,False,0,0,12,0
746,511.91,519.12,False,False,1,0,17,0
747,667.04,313.48,False,False,14,4,7,1
748,2134.88,758.67,False,False,3,0,5,0
749,643.3,708.34,False,False,5,0,6,0
750,477.91,356.85,False,False,2,0,1,0
751,1808.77,922.47,True,True,6,4,12,1
752,1923.64,452.63,False,False,3,0,5,0
753,581.22,644.98,True,False,1,0,12,0
754,1841.07,786.96,False,False,0,0,2,0
755,264.77,708.7,False,True,3,0,6,0
756,154.63,330.17,False,False,2,0,3,0
757,220.85,456.7,False,False,0,0,8,0
758,3534.41,615.42,False,False,3,5,3,1
759,1148.7,472.39,True,False,2,2,14,0
760,854.41,564.09,False,False,7,0,9,0
761,1849.0,531.75,False,True,8,1,15,1
762,757.29,501.94,False,False,2,0,15,0
763,153.21,481.59,False,True,1,0,12,0
764,1918.91,779.93,False,False,4,0,2,0
765,580.72,159.43,False,False,5,0,11,1
766,476.71,215.44,False,False,1,0,8,0
767,3418.81,693.58,False,True,3,2,16,1
768,1990.12,677.86,False,False,4,0,9,0
769,289.64,232.1,False,False,1,0,11,0
770,293.91,329.47,False,False,1,0,20,0
771,262.04,127.34,True,False,3,0,20,0
772,367.78,220.05,False,False,2,0,23,0
773,361.82,246.84,False,False,2,0,16,0
774,133.93,130.52,False,False,0,0,19,0
775,476.95,438.51,False,True,1,0,7,0
776,220.6,526.68,False,False,1,0,15,0
777,900.99,362.78,False,False,3,4,22,0
778,145.42,58.11,False,False,2,0,20,0
779,2596.57,989.81,False,False,1,0,22,0
780,1780.1,736.38,False,False,3,0,19,0
781,208.01,78.6,False,False,2,0,12,0
782,1669.64,701.47,False,False,0,1,9,0
783,2424.3,994.54,False,False,2,0,7,0
784,410.83,228.92,False,False,0,0,6,0
785,2489.68,623.2,False,False,1,0,19,0
786,1961.09,542.61,False,True,2,3,3,1
787,326.46,419.54,False,False,4,0,23,0
788,1287.72,608.12,False,True,1,0,12,0
789,1361.73,914.79,False,False,1,1,14,0
790,1133.66,832.26,False,False,2,0,23,0
791,2082.29,713.71,False,True,9,5,7,1
792,1164.64,736.29,False,False,8,0,15,0
793,67.14,206.6,True,False,3,0,17,0
794,1525.28,426.84,False,False,3,0,4,0
795,1105.1,727.9,False,True,4,0,8,0
796,2872.47,421.31,False,True,2,0,4,0
797,1760.01,711.91,False,False,5,0,6,0
798,73.6,96.23,False,False,1,0,0,0
799,190.12,232.54,False,False,4,0,18,0
800,1612.56,824.84,False,False,2,0,8,0
801,233.31,214.94,False,False,0,1,16,0
802,2503.54,891.19,False,False,1,1,8,1
803,2061.09,982.35,False,False,1,0,15,0
804,2109.43,683.05,False,False,2,1,5,0
805,676.7,635.53,False,False,3,0,14,0
806,352.66,406.96,False,False,2,1,15,0
807,2268.89,772.47,False,False,0,1,12,0
808,300.81,101.37,False,False,1,1,10,0
809,22.07,55.74,False,False,1,0,23,0
810,1305.5,805.47,False,False,1,0,12,0
811,456.52,597.6,False,False,6,0,20,0
812,1234.39,530.03,False,False,0,0,14,0
813,179.63,195.16,False,False,2,0,1,0
814,49.95,235.93,False,False,2,0,17,0
815,806.93,404.49,False,False,0,2,23,0
816,1828.18,774.8,False,False,3,0,6,0
817,817.25,930.19,True,False,3,0,9,0
818,440.23,482.7,False,False,4,0,17,0
819,1002.46,606.85,False,False,4,0,22,0
820,559.46,413.65,False,False,0,0,16,0
821,701.35,305.57,False,True,1,0,18,0
822,455.33,671.8,False,False,1,0,19,0
823,579.4,251.94,False,False,7,1,8,0
824,261.36,207.82,False,False,2,0,8,0
825,1914.35,302.78,True,True,4,1,4,1
826,1179.32,773.3,False,False,2,1,12,0
827,245.64,681.82,False,False,1,0,9,0
828,222.45,166.75,False,False,10,3,20,1
829,4192.24,677.22,False,False,3,1,15,0
830,617.11,271.88,False,False,5,2,8,0
831,197.78,329.17,False,False,4,0,7,0
832,1826.52,689.41,False,False,1,0,11,0
833,469.06,947.0,False,True,5,0,13,0
834,799.67,294.75,False,True,2,1,15,0
835,1759.94,935.19,False,False,3,1,22,0
836,430.44,465.11,False,True,1,0,8,0
837,216.3,171.05,False,False,2,0,18,0
838,964.3,396.77,False,False,1,0,19,0
839,670.95,825.34,False,True,1,1,6,0
840,187.42,343.45,False,False,2,1,17,0
841,6248.64,819.7,True,False,4,1,10,1
842,1839.26,741.03,False,True,0,0,20,0
843,1291.75,769.83,False,False,1,1,9,0
844,281.84,801.71,False,False,3,0,20,0
845,430.58,187.58,False,True,3,0,9,0
846,660.0,983.57,True,False,2,2,21,0
847,1200.14,613.72,False,True,1,0,10,0
848,986.78,406.6,False,False,4,0,19,0
849,257.45,164.0,False,False,0,0,13,0
850,178.3,139.83,False,False,1,0,22,0
851,4752.68,822.22,False,False,2,0,8,0
852,130.59,247.09,False,False,0,0,6,0
853,436.51,245.92,False,True,7,0,22,0
854,875.87,978.25,True,False,5,0,9,0
855,2103.24,710.35,False,False,1,0,12,0
856,1598.35,184.58,True,True,6,5,4,1
857,1155.8,572.36,False,False,6,0,9,0
858,349.57,117.03,False,False,2,0,10,0
859,276.92,195.82,True,False,0,0,22,0
860,996.45,362.89,False,True,4,0,12,0
861,103.63,149.75,False,False,4,0,23,0
862,1555.69,573.97,False,False,2,0,22,0
863,1650.17,887.92,False,False,3,0,23,0
864,293.5,100.22,False,False,3,1,16,0
865,736.78,527.12,False,False,4,0,14,0
866,146.66,347.1,False,False,1,0,22,0
867,6332.4,817.93,False,False,1,0,22,0
868,1197.01,435.2,False,False,3,1,21,0
869,60.63,90.24,False,False,5,0,9,0
870,1204.52,954.86,False,True,5,0,8,0
871,104.98,508.97,False,False,5,2,21,0
872,161.44,83.66,False,False,3,0,5,0
873,165.54,736.31,False,False,2,1,20,0
874,1840.44,780.98,False,True,6,1,13,1
875,919.75,466.64,False,True,5,1,2,1
876,648.06,424.82,True,False,12,2,3,1
877,898.66,809.83,False,False,2,2,17,0
878,530.9,959.79,False,True,3,0,18,0
879,758.45,750.56,False,False,1,0,12,0
880,344.45,159.27,False,False,2,1,21,0
881,449.53,229.24,False,True,2,0,9,0
882,217.82,635.64,False,False,3,0,20,0
883,1565.09,455.72,True,True,6,7,0,1
884,55.59,50.51,False,False,3,0,20,0
885,80.8,339.14,False,False,1,1,23,0
886,317.61,403.01,False,False,1,1,23,0
887,658.66,889.84,False,True,6,0,20,0
888,78.05,241.9,False,False,1,1,22,0
889,1988.04,900.17,False,True,2,2,5,0
890,313.87,310.44,False,True,7,0,20,0
891,581.67,876.74,False,False,3,0,10,0
892,1707.44,593.3,False,False,12,4,21,1
893,818.44,859.85,True,False,2,0,13,0
894,613.44,306.91,False,False,2,0,16,0
895,891.51,949.11,False,False,1,3,5,0
896,179.5,258.32,False,False,7,1,8,0
897,647.81,703.71,False,False,1,0,11,0
898,519.67,817.35,False,False,2,2,10,0
899,1480.59,824.82,False,False,1,0,17,0
900,318.45,228.46,False,False,2,1,5,0
901,2917.18,408.98,False,False,0,0,9,0
902,140.23,619.66,False,False,4,1,9,0
903,384.04,584.71,False,True,0,0,8,0
904,129.03,92.3,False,False,7,0,5,1
905,417.43,416.11,False,False,3,1,20,0
906,444.77,154.63,False,False,1,2,6,0
907,411.78,219.16,False,True,3,0,16,0
908,379.36,307.54,False,False,4,1,9,0
909,274.57,189.26,False,False,4,0,13,0
910,838.39,356.9,False,False,2,3,15,0
911,1205.24,946.83,False,False,2,0,7,0
912,965.42,450.75,False,False,1,0,5,0
913,254.34,500.23,False,False,4,1,19,0
914,2372.18,860.65,False,False,0,0,9,0
915,93.09,75.03,False,False,0,1,5,0
916,43.28,184.21,False,False,3,0,21,0
917,382.88,334.53,False,False,1,0,6,0
918,281.5,214.9,False,False,2,1,23,0
919,462.6,723.89,False,False,7,0,6,0
920,396.49,224.51,False,False,2,0,17,0
921,606.01,813.17,True,True,3,1,2,0
922,34.87,151.14,False,False,1,2,7,0
923,1415.15,586.56,True,False,6,0,14,0
924,679.51,525.21,False,True,3,0,21,0
925,971.95,817.12,True,True,1,5,3,1
926,745.75,644.66,True,False,7,1,21,1
927,2081.83,742.28,False,False,1,0,18,0
928,1261.01,727.12,True,False,6,1,20,1
929,274.91,64.19,False,True,1,3,2,1
930,1946.13,330.83,False,True,3,0,13,0
931,1330.65,469.94,False,False,2,0,9,0
932,578.85,536.86,True,False,2,1,6,0
933,585.9,661.67,False,True,4,0,17,0
934,543.08,261.9,False,False,2,1,10,0
935,2166.66,921.59,False,False,1,4,20,0
936,422.22,481.85,False,False,10,4,4,1
937,263.45,109.28,False,False,1,0,18,0
938,257.59,653.9,False,False,3,1,13,0
939,141.47,101.06,False,False,1,2,22,0
940,241.79,202.65,False,False,0,1,7,0
941,1234.72,599.56,False,False,4,1,3,0
942,1267.98,524.47,False,False,3,3,9,0
943,198.51,656.97,False,False,3,1,11,0
944,1733.02,954.76,True,False,0,1,8,0
945,899.12,666.47,False,False,2,1,10,0
946,265.11,404.47,False,False,3,0,8,0
947,1646.74,815.64,False,False,2,1,8,0
948,1093.14,528.19,False,False,3,0,20,0
949,574.26,383.08,False,False,4,0,12,0
950,322.7,304.23,False,False,3,0,6,0
951,1182.99,195.71,False,True,5,2,4,1
952,206.85,279.74,False,False,4,0,17,0
953,354.45,215.03,False,True,4,0,17,0
954,1129.21,645.95,False,False,0,0,23,0
955,1862.33,637.19,False,True,3,3,16,0
956,497.55,669.9,False,False,4,0,6,0
957,1864.72,938.23,False,True,2,0,14,0
958,1600.64,221.6,False,False,1,1,20,0
959,153.21,122.5,False,False,4,0,1,0
960,343.13,649.65,False,False,8,0,4,0
961,263.03,930.25,True,False,1,1,11,0
962,1239.14,181.64,False,True,8,4,16,1
963,1650.05,669.33,False,False,5,0,13,0
964,272.63,147.75,False,False,3,0,13,0
965,899.81,641.77,False,False,3,0,6,0
966,549.13,290.41,False,False,2,0,15,0
967,181.87,226.62,False,True,1,0,15,0
968,501.57,589.1,True,False,1,0,7,0
969,941.88,663.96,False,False,0,0,2,0
970,187.24,167.89,False,False,1,0,5,0
971,425.12,320.15,False,False,0,0,0,0
972,483.48,444.32,False,True,3,0,2,0
973,1401.23,481.85,False,False,3,0,0,0
974,2214.23,993.86,False,True,3,1,22,0
975,869.09,937.4,False,True,6,0,17,0
976,315.6,211.82,False,False,3,1,18,0
977,598.17,684.82,False,False,1,1,7,0
978,584.57,331.42,False,False,3,0,3,0
979,296.43,62.47,True,True,6,4,21,1
980,759.3,347.69,False,False,1,0,17,0
981,2084.79,874.47,False,False,1,0,8,0
982,770.83,882.39,False,False,0,0,13,0
983,2055.65,572.79,True,True,5,0,16,1
984,2487.34,666.19,True,True,7,4,4,1
985,928.29,461.89,False,False,0,0,7,0
986,672.82,311.69,False,False,1,1,20,0
987,801.52,796.44,False,False,0,0,20,0
988,581.88,859.94,False,True,1,0,20,0
989,186.17,69.79,False,False,0,0,5,0
990,710.83,285.13,False,False,4,0,9,0
991,165.27,144.99,False,False,2,0,19,0
992,590.91,385.0,False,False,14,3,4,1
993,181.02,69.69,False,True,2,0,18,0
994,2175.66,757.15,False,False,4,0,19,0
995,2425.34,882.29,False,False,2,2,11,0
996,3267.16,544.07,True,True,5,2,0,1
997,435.22,701.25,False,False,3,0,14,0
998,529.27,88.91,True,True,0,3,5,1
999,1032.82,180.83,False,False,2,0,9,1
1000,100.92,236.89,False,False,2,1,18,0
1001,2523.74,908.95,False,True,2,1,9,0
1002,419.66,239.53,False,True,2,0,17,0
1003,1410.11,842.16,False,False,3,0,19,0
1004,2548.15,439.75,False,False,3,0,12,0
1005,1100.03,404.46,False,True,4,0,19,0
1006,310.32,881.17,True,False,3,0,14,0
1007,381.3,706.06,False,False,3,1,22,0
1008,1088.92,520.54,False,False,1,3,3,0
1009,906.11,240.66,False,False,1,0,4,0
1010,137.1,102.87,False,False,4,0,19,0
1011,1260.73,636.3,False,False,3,0,22,0
1012,243.12,506.44,False,False,1,0,19,0
1013,2397.41,453.59,False,True,1,0,19,0
1014,4324.47,911.71,True,True,3,6,4,1
1015,1485.02,907.42,False,True,3,0,9,0
1016,1009.15,774.48,False,False,2,0,23,0
1017,492.2,531.63,False,False,2,0,7,0
1018,2452.5,859.43,True,True,8,6,12,1
1019,3194.1,886.72,False,False,6,0,8,1
1020,4254.5,762.44,False,True,2,2,3,1
1021,751.23,989.43,False,False,1,0,21,0
1022,456.41,232.68,False,False,4,1,18,0
1023,1838.91,871.27,False,False,2,0,20,0
1024,1006.47,388.66,False,False,3,1,9,0
1025,281.86,333.32,False,False,1,2,13,0
1026,250.39,390.01,False,False,1,0,14,0
1027,52.99,103.82,False,False,1,0,13,0
1028,3593.44,893.63,False,False,3,2,3,0
1029,2758.11,950.6,False,True,6,3,7,1
1030,1123.41,504.83,True,False,1,0,12,0
1031,541.01,102.59,False,False,1,8,3,1
1032,268.41,458.23,False,False,7,0,18,0
1033,63.03,276.26,False,False,4,0,0,0
1034,943.71,287.43,False,False,1,0,14,0
1035,872.32,427.93,True,False,1,1,12,0
1036,588.72,337.58,False,False,5,0,8,0
1037,3455.99,905.4,False,True,7,4,4,1
1038,241.25,403.77,False,False,3,0,20,0
1039,319.41,306.78,False,True,4,0,3,0
1040,66.04,92.19,False,True,1,0,5,0
1041,1931.32,766.75,False,False,1,0,18,0
1042,1830.34,793.48,False,False,6,2,22,0
1043,981.81,593.97,False,False,3,2,5,0
1044,2093.08,698.47,False,False,2,0,13,0
1045,1509.17,793.3,False,False,1,0,19,0
1046,509.92,58.43,True,False,4,7,0,1
1047,238.9,629.81,False,False,1,1,10,0
1048,2275.69,637.05,True,False,4,0,1,0
1049,4993.65,728.82,True,True,5,0,16,1
1050,2704.88,531.59,True,True,6,7,3,1
1051,447.51,185.93,False,False,3,0,5,0
1052,254.34,92.38,True,False,4,0,21,0
1053,916.82,727.2,False,False,1,1,7,0
1054,2972.02,992.7,False,False,2,0,6,0
1055,735.36,676.24,False,False,5,0,16,0
1056,747.24,349.08,False,False,2,0,7,0
1057,977.23,670.66,False,False,4,0,18,0
1058,1657.65,682.61,False,True,2,0,20,0
1059,2080.71,784.01,True,True,1,0,8,0
1060,175.62,82.37,False,True,4,2,16,0
1061,727.39,712.08,False,False,1,0,6,0
1062,5977.24,924.69,False,True,6,2,9,1
1063,1841.07,737.52,False,True,0,0,19,0
1064,861.75,466.66,False,True,1,0,21,0
1065,940.32,851.86,False,True,1,1,11,0
1066,339.56,314.34,False,True,1,0,10,0
1067,2129.12,921.81,False,False,1,0,10,0
1068,2078.23,907.41,True,False,5,2,4,1
1069,695.06,472.58,False,False,5,0,20,0
1070,1959.14,871.28,True,False,0,1,15,0
1071,832.77,368.57,False,True,3,1,0,0
1072,2056.28,804.49,False,False,0,0,1,0
1073,657.04,878.51,False,False,1,0,7,0
1074,180.6,864.3,True,False,1,0,13,0
1075,764.03,649.48,False,False,4,1,20,0
1076,1116.48,648.53,False,False,6,1,18,0
1077,188.29,359.13,False,False,1,0,20,0
1078,1849.79,870.81,True,False,1,1,22,0
1079,386.84,298.52,False,False,5,0,15,0
1080,76.52,93.35,False,False,3,0,15,0
1081,145.83,562.78,False,False,1,0,7,0
1082,410.1,542.72,False,False,4,0,16,0
1083,721.69,254.83,True,True,6,0,20,0
1084,905.8,318.94,True,True,5,2,17,1
1085,166.95,174.63,True,True,3,1,5,0
1086,263.99,564.61,False,False,4,1,18,0
1087,55.46,72.26,False,False,2,0,18,0
1088,862.03,509.18,False,True,2,0,22,0
1089,129.36,479.66,False,False,2,0,9,0
1090,658.44,977.03,False,False,1,0,20,0
1091,309.41,847.67,False,False,3,1,4,0
1092,689.85,877.86,False,False,2,2,19,0
1093,1605.2,538.71,True,True,3,0,10,0
1094,435.88,165.4,True,False,2,0,9,0
1095,587.34,569.73,False,False,5,0,16,0
1096,439.82,207.65,False,False,2,0,11,0
1097,2407.53,930.73,False,False,4,0,9,0
1098,6465.94,993.64,False,True,2,0,10,0
1099,2460.81,654.53,True,True,5,7,14,1
1100,1379.06,778.64,False,False,2,0,10,0
1101,271.53,147.21,False,False,3,0,20,0
1102,42.35,52.54,False,False,1,0,0,0
1103,142.51,99.58,False,False,2,0,17,0
1104,1837.09,720.93,False,True,3,0,13,0
1105,1333.09,847.88,False,False,2,0,5,0
1106,1008.19,862.6,False,False,4,2,16,0
1107,3961.21,760.25,False,True,1,0,13,0
1108,125.44,62.34,False,False,8,1,6,0
1109,2327.73,832.16,False,False,2,0,22,0
1110,644.63,86.28,False,False,4,0,8,0
1111,2303.71,655.6,False,True,4,1,2,1
1112,468.28,210.75,False,True,3,0,6,0
1113,705.23,833.8,True,True,5,2,21,1
1114,1852.79,653.53,False,False,1,0,7,0
1115,222.19,489.86,False,False,2,2,5,0
1116,904.11,405.8,False,False,3,2,9,0
1117,402.58,410.34,False,False,4,0,14,0
1118,558.54,467.62,False,False,2,1,10,0
1119,1630.53,842.99,False,False,6,2,14,1
1120,1803.54,714.67,False,True,3,0,6,0
1121,828.32,541.18,False,False,2,0,15,0
1122,143.93,648.0,False,False,3,0,14,0
1123,813.86,569.44,False,False,3,1,12,0
1124,849.54,404.55,False,False,4,1,21,0
1125,3056.68,454.6,False,True,2,2,21,1
1126,548.93,973.81,False,False,7,0,16,0
1127,773.91,207.07,False,False,0,0,7,0
1128,465.87,196.43,True,True,0,0,11,0
1129,1491.58,685.02,False,True,1,1,15,0
1130,1151.09,828.8,False,True,2,1,12,0
1131,266.25,219.25,False,True,2,0,1,0
1132,324.37,228.57,False,False,2,0,20,0
1133,1995.25,960.59,False,True,1,3,16,1
1134,358.5,146.33,True,False,2,0,20,0
1135,242.15,686.69,False,False,1,1,21,0
1136,848.81,499.87,False,False,7,0,7,0
1137,685.88,370.26,False,False,3,0,2,0
1138,2800.7,874.5,False,True,4,3,14,1
1139,73.87,72.35,False,False,1,0,6,0
1140,724.01,426.4,False,True,2,1,19,0
1141,715.4,281.9,False,False,2,0,9,0
1142,356.38,737.62,False,False,1,0,17,0
1143,5078.22,952.84,False,True,6,0,23,1
1144,876.16,338.04,False,False,2,0,18,0
1145,1130.15,704.42,True,False,1,0,1,0
1146,1418.73,443.61,True,False,6,2,0,1
1147,582.1,260.0,False,False,2,0,20,0
1148,72.46,61.94,False,False,3,0,17,0
1149,234.66,80.65,False,False,1,0,16,0
1150,1151.58,763.31,False,False,3,0,5,0
1151,949.83,319.69,False,False,2,2,17,0
1152,694.91,992.52,False,False,3,0,11,0
1153,753.61,619.29,True,False,6,1,22,0
1154,611.88,263.84,False,False,1,1,5,0
1155,250.66,367.35,False,False,3,3,5,0
1156,544.37,181.64,False,False,6,0,23,0
1157,184.57,700.14,False,False,2,0,10,0
1158,1121.63,736.91,False,False,1,0,4,0
1159,840.22,282.79,False,False,2,0,15,0
1160,2029.39,913.43,True,False,3,0,20,0
1161,108.45,116.85,False,True,3,0,5,0
1162,5903.36,836.37,False,False,0,0,19,0
1163,156.94,167.85,False,False,1,0,15,0
1164,264.24,280.92,False,False,2,1,13,0
1165,1029.65,704.73,False,False,0,0,5,0
1166,408.51,402.31,False,True,3,0,14,0
1167,1549.09,814.94,False,False,1,1,9,0
1168,678.06,296.45,False,False,3,0,9,0
1169,661.94,526.04,False,False,4,0,17,0
1170,2230.56,949.6,True,True,1,1,19,1
1171,4420.43,656.7,False,False,5,1,6,0
1172,55.86,143.9,False,False,3,1,6,0
1173,1330.01,546.8,False,False,4,0,10,0
1174,834.05,628.68,False,False,6,1,6,1
1175,432.86,281.74,True,False,0,1,3,0
1176,232.47,129.22,True,False,5,1,8,1
1177,869.98,470.51,False,False,8,0,13,0
1178,356.99,217.71,False,False,4,0,22,0
1179,1494.58,644.63,False,True,5,0,10,0
1180,721.65,460.41,False,True,2,1,12,1
1181,887.54,526.69,True,False,3,0,10,0
1182,273.87,426.43,False,False,2,0,18,0
1183,465.46,305.91,False,False,1,0,15,0
1184,621.09,454.03,False,False,6,0,19,0
1185,53.72,68.51,False,False,2,0,15,0
1186,1450.86,752.07,False,False,0,0,23,0
1187,6124.42,972.58,False,False,2,0,17,0
1188,274.42,103.31,False,False,1,3,0,1
1189,491.52,786.48,False,False,1,0,23,0
1190,1686.34,677.66,False,True,3,1,15,0
1191,901.29,393.17,False,False,1,0,13,0
1192,2733.89,760.27,False,False,2,0,21,0
1193,1696.15,587.43,False,False,2,0,7,0
1194,1400.47,587.04,False,False,4,0,11,0
1195,759.46,778.76,False,False,3,0,4,0
1196,1376.44,551.33,False,True,2,0,5,0
1197,1094.04,356.27,True,False,6,8,11,1
1198,1587.52,595.72,False,True,3,0,5,0
1199,3444.86,947.27,False,True,4,2,11,0
1200,1278.4,453.07,False,False,1,1,17,0
1201,936.89,874.16,True,False,8,1,23,1
1202,381.07,138.21,False,True,3,0,16,0
1203,1038.53,351.04,False,False,1,0,5,0
1204,215.61,449.01,False,False,0,2,12,0
1205,168.14,130.23,False,False,1,0,9,0
1206,1222.04,218.49,False,False,0,0,14,0
1207,303.24,444.13,False,False,3,1,8,0
1208,104.4,78.48,False,False,3,0,0,0
1209,227.56,82.51,True,False,2,0,5,0
1210,100.89,261.56,False,False,2,1,5,0
1211,277.25,496.01,False,False,3,1,23,0
1212,733.3,258.35,False,True,0,0,8,0
1213,300.56,288.14,False,False,2,0,13,0
1214,359.24,175.12,False,False,0,2,6,0
1215,6053.09,980.55,False,False,2,0,16,0
1216,1170.26,876.05,False,False,1,0,21,0
1217,338.83,370.39,False,False,2,0,15,0
1218,417.88,299.72,True,False,0,3,8,0
1219,350.68,330.93,False,False,0,1,17,0
1220,531.94,891.34,False,False,1,1,9,0
1221,3139.01,554.03,False,False,8,0,10,0
1222,2429.81,865.99,False,False,6,0,6,0
1223,2590.49,951.45,False,False,2,0,5,0
1224,1050.36,722.92,False,False,6,0,9,1
1225,2044.69,831.32,False,False,4,0,11,0
1226,1094.05,382.89,False,False,3,0,11,0
1227,158.49,688.63,True,False,1,0,19,0
1228,248.25,168.62,True,False,5,0,6,0
1229,1350.46,896.56,False,False,3,1,12,0
1230,387.3,134.14,False,False,4,0,18,0
1231,646.04,656.16,False,False,1,0,13,0
1232,316.78,128.94,False,False,2,0,20,0
1233,1397.77,845.54,False,False,3,0,8,0
1234,195.53,161.6,False,False,2,0,16,0
1235,1225.62,468.23,True,False,4,1,5,0
1236,248.55,221.7,False,False,0,0,16,0
1237,337.79,376.85,False,True,2,4,10,0
1238,861.49,782.27,False,False,4,1,15,0
1239,1630.37,561.32,False,False,5,0,20,0
1240,1996.21,768.74,False,False,2,0,10,0
1241,427.93,155.91,False,False,3,0,7,0
1242,361.19,136.02,False,False,3,0,17,0
1243,4485.2,958.27,False,True,3,3,12,1
1244,1084.09,684.15,False,False,1,0,11,0
1245,863.43,331.95,False,False,2,4,10,0
1246,1617.83,601.85,False,False,3,3,13,0
1247,339.69,396.29,False,True,3,0,12,0
1248,1661.39,600.01,False,False,2,0,12,0
1249,1281.48,731.69,False,False,2,0,20,0
1250,29.18,111.42,False,False,5,0,7,0
1251,201.33,112.14,False,False,3,0,9,0
1252,434.46,254.44,False,False,2,1,9,0
1253,2566.4,981.17,False,True,3,0,7,0
1254,1245.52,553.28,False,False,3,0,20,0
1255,485.7,365.2,False,False,4,0,15,0
1256,485.63,345.64,False,True,1,0,7,0
1257,196.5,764.22,False,False,0,0,21,0
1258,420.34,360.52,False,True,1,1,4,1
1259,263.31,558.45,False,True,2,0,10,0
1260,1599.37,823.64,False,False,4,0,14,0
1261,1550.4,698.88,False,False,14,1,15,1
1262,1201.36,932.18,False,True,2,0,12,0
1263,163.36,516.23,True,False,2,1,23,0
1264,1480.78,543.85,False,False,13,4,22,1
1265,744.45,318.43,False,False,2,0,20,0
1266,1013.93,583.19,False,False,9,0,6,1
1267,309.07,134.73,False,True,1,0,2,0
1268,962.94,384.18,False,False,2,1,6,0
1269,387.84,143.72,False,True,1,0,5,0
1270,301.23,412.41,True,False,15,2,17,1
1271,131.17,403.19,False,False,3,1,23,0
1272,2569.26,906.98,False,False,2,0,17,0
1273,1419.74,906.02,False,False,2,0,12,0
1274,1303.83,158.66,True,True,6,3,13,1
1275,727.42,729.27,False,False,1,1,11,0
1276,320.77,577.01,False,False,1,0,10,0
1277,2080.04,708.94,True,True,3,8,6,1
1278,1242.86,528.44,False,True,0,0,13,0
1279,766.59,382.61,False,True,1,0,11,0
1280,3824.57,735.12,False,False,1,0,15,0
1281,2877.94,700.52,True,True,5,2,0,1
1282,183.07,55.61,False,False,4,1,4,0
1283,4413.88,666.42,False,True,6,3,12,1
1284,1874.67,631.98,False,False,1,0,9,0
1285,958.58,744.43,False,True,3,0,6,0
1286,605.91,725.15,False,False,2,2,18,0
1287,718.52,479.7,False,False,1,0,11,0
1288,2277.21,950.6,False,False,4,1,14,0
1289,373.36,184.26,False,False,3,0,1,0
1290,2528.64,895.43,False,False,0,0,10,0
1291,482.81,758.67,False,False,1,0,9,0
1292,1197.62,512.35,False,False,0,0,0,0
1293,3174.16,869.14,True,False,6,4,11,1
1294,122.12,112.72,False,False,1,0,22,0
1295,471.31,886.53,False,False,2,0,13,0
1296,1870.39,908.47,False,False,3,0,17,0
1297,2309.68,778.78,False,False,2,0,3,0
1298,1745.24,588.44,False,True,1,0,9,0
1299,965.85,938.28,False,True,6,2,20,1
1300,6230.86,896.5,False,True,4,0,10,1
1301,713.93,276.86,False,True,4,3,15,1
1302,339.13,174.12,False,True,2,2,6,0
1303,376.41,306.77,False,False,2,1,16,0
1304,544.12,574.76,False,False,0,0,21,0
1305,167.71,71.86,False,True,0,0,7,0
1306,416.19,59.16,False,False,1,0,19,0
1307,697.82,364.36,True,True,5,2,7,0
1308,2150.79,802.01,True,True,9,4,1,1
1309,787.99,520.54,False,False,4,0,7,0
1310,408.5,237.83,False,False,3,0,15,0
1311,676.72,266.33,False,False,3,0,16,0
1312,1612.64,554.02,False,False,0,0,6,0
1313,5640.71,826.82,False,True,3,0,16,0
1314,1121.51,625.23,False,False,2,1,14,0
1315,254.87,347.8,False,True,2,0,17,0
1316,540.52,904.14,False,False,0,0,9,0
1317,129.85,63.25,False,False,1,0,9,0
1318,153.02,237.87,False,False,1,0,20,0
1319,2767.69,949.96,True,False,0,0,14,0
1320,437.48,542.82,False,False,3,0,18,0
1321,715.17,619.16,False,False,1,0,5,0
1322,496.73,446.15,False,False,1,2,13,0
1323,445.33,598.36,False,False,3,3,23,0
1324,1462.06,822.66,False,False,5,0,15,0
1325,1875.32,516.39,False,False,6,3,11,1
1326,804.04,312.4,True,False,3,0,20,0
1327,1237.16,794.5,False,False,1,1,8,0
1328,179.12,107.53,False,False,2,1,14,0
1329,1169.4,186.86,False,True,2,2,17,0
1330,308.11,614.15,False,False,3,0,9,0
1331,306.27,66.11,False,True,4,0,3,0
1332,1081.86,425.76,True,False,2,0,6,0
1333,2035.04,727.98,False,True,1,1,16,0
1334,854.76,371.25,False,False,2,0,9,0
1335,87.12,135.0,False,False,1,0,5,0
1336,4108.74,850.75,True,False,3,3,2,1
1337,1062.9,652.61,False,True,3,0,1,0
1338,54.65,248.39,False,False,2,1,11,0
1339,110.76,56.98,False,False,2,1,13,0
1340,192.5,360.71,False,True,3,0,17,0
1341,78.35,157.06,False,False,3,1,11,0
1342,291.28,826.97,False,False,5,0,14,0
1343,1875.79,838.11,False,True,5,3,10,1
1344,1227.97,506.17,False,False,0,0,0,0
1345,2423.91,864.31,False,False,2,0,1,0
1346,1209.55,972.39,False,False,1,0,9,0
1347,2279.49,933.62,False,False,3,0,3,0
1348,231.47,156.96,False,False,1,0,7,0
1349,1250.09,195.63,True,False,4,0,23,0
1350,1788.11,673.78,False,False,1,0,11,0
1351,2972.87,475.59,False,False,2,2,12,0
1352,338.09,755.4,False,False,2,0,22,0
1353,475.13,354.68,False,False,7,1,20,0
1354,193.36,437.43,False,True,5,0,22,0
1355,1139.88,206.06,False,False,2,0,10,0
1356,1438.96,595.01,False,False,4,1,22,0
1357,451.47,148.62,True,False,4,6,2,1
1358,1053.94,807.07,False,False,2,1,8,0
1359,1418.07,661.71,False,False,5,2,20,0
1360,104.03,118.6,False,False,2,0,5,0
1361,822.75,330.99,True,True,5,8,18,1
1362,4062.79,678.51,False,False,1,0,23,0
1363,2583.83,516.77,True,True,8,7,8,1
1364,1736.73,607.77,False,False,2,2,7,0
1365,1262.26,566.55,False,False,2,1,20,0
1366,1192.1,344.32,True,False,5,1,5,1
1367,706.85,472.21,False,False,5,0,4,0
1368,4445.17,540.9,True,True,5,6,1,1
1369,110.35,122.98,False,False,3,0,14,0
1370,957.86,373.07,False,False,3,2,9,0
1371,260.94,979.86,False,False,2,1,16,0
1372,148.13,151.01,False,False,0,0,16,0
1373,1487.88,531.76,False,True,0,0,22,0
1374,2084.02,299.86,False,False,2,0,9,0
1375,685.9,421.17,True,False,1,0,9,0
1376,224.62,281.49,False,False,1,0,22,0
1377,305.39,117.37,False,False,2,3,1,0
1378,928.71,765.74,False,False,0,0,17,0
1379,2301.36,688.07,False,True,2,3,21,1
1380,425.06,663.74,False,False,3,0,0,0
1381,1700.43,719.25,True,False,1,0,15,0
1382,593.6,558.53,False,False,2,1,22,0
1383,1129.37,624.94,False,True,2,0,7,0
1384,307.56,304.8,False,False,5,2,16,0
1385,486.12,232.25,False,False,3,0,9,0
1386,1492.83,703.92,False,False,1,0,8,0
1387,684.74,882.34,False,False,1,0,12,0
1388,1086.13,731.19,False,False,0,0,22,0
1389,149.51,53.1,False,False,8,0,23,0
1390,592.35,302.42,False,True,2,0,8,0
1391,5869.96,811.23,False,False,1,1,18,0
1392,204.1,896.75,False,False,1,0,23,0
1393,802.75,931.46,True,False,3,0,17,0
1394,289.33,635.48,False,False,1,0,18,0
1395,333.72,486.53,False,True,1,0,17,0
1396,363.62,270.57,False,True,5,1,5,0
1397,485.71,308.14,False,False,1,0,19,0
1398,761.18,404.31,False,False,4,0,17,0
1399,920.56,729.19,False,False,3,0,7,0
1400,944.99,810.1,False,False,3,2,13,0
1401,283.54,305.67,False,False,2,0,11,0
1402,2283.85,980.2,True,False,0,0,0,0
1403,174.43,292.39,False,False,1,0,7,0
1404,863.56,137.66,False,False,6,0,18,0
1405,205.02,274.43,False,True,1,1,8,0
1406,403.61,575.77,False,False,4,0,13,0
1407,25.03,69.68,False,True,1,0,16,0
1408,217.69,315.31,True,False,3,1,3,0
1409,507.47,322.84,False,False,3,1,21,0
1410,1436.9,625.24,False,False,2,0,6,0
1411,641.9,619.81,False,False,2,0,11,0
1412,586.26,254.79,False,False,3,0,17,0
1413,93.7,65.56,False,False,2,1,18,0
1414,563.95,283.1,True,False,2,2,18,0
1415,770.76,329.25,True,False,12,0,11,1
1416,1863.29,531.38,False,False,0,0,16,0
1417,867.81,433.24,False,True,5,4,19,1
1418,953.81,461.74,False,False,2,4,17,0
1419,1441.51,728.56,False,False,1,0,12,0
1420,863.3,337.76,True,True,3,7,2,1
1421,164.43,250.09,True,False,4,0,10,0
1422,2748.67,518.81,False,False,7,1,13,0
1423,1299.62,570.53,False,False,1,0,21,0
1424,723.55,815.88,False,False,1,2,17,0
1425,1003.24,612.11,True,True,3,1,9,1
1426,965.74,712.51,False,False,1,0,7,0
1427,4676.64,929.82,False,False,7,0,14,0
1428,2552.04,885.15,False,False,4,0,10,0
1429,1600.18,618.08,True,True,3,0,7,0
1430,502.67,803.91,True,False,0,0,16,0
1431,142.11,133.14,True,False,0,0,1,0
1432,1419.17,902.2,False,False,4,0,9,0
1433,1216.9,625.86,False,True,7,1,6,1
1434,566.3,371.72,False,False,1,0,18,0
1435,291.44,273.37,False,False,1,0,4,0
1436,105.26,190.3,False,False,1,0,20,0
1437,472.7,166.49,False,False,5,0,6,0
1438,141.94,421.25,False,False,2,1,17,0
1439,2159.88,869.45,False,False,3,2,10,0
1440,2775.05,794.05,False,False,2,0,12,1
1441,398.94,520.59,False,True,0,0,16,0
1442,435.26,149.37,False,True,3,1,13,0
1443,1714.04,895.11,False,False,6,1,23,0
1444,182.4,561.85,False,False,3,1,18,0
1445,777.56,918.4,False,False,2,0,6,0
1446,894.26,685.01,True,False,1,1,5,0
1447,928.22,960.71,False,False,2,0,14,0
1448,1240.93,680.15,False,False,3,1,17,0
1449,275.5,362.16,False,True,3,2,1,0
1450,758.23,744.47,False,True,2,1,14,0
1451,221.59,565.2,False,False,4,0,13,0
1452,85.16,157.7,False,False,2,0,13,0
1453,269.55,388.45,False,False,1,0,7,0
1454,339.32,204.18,False,False,8,1,15,0
1455,1975.75,803.03,False,False,1,0,23,0
1456,94.81,113.56,False,False,2,1,16,0
1457,18.91,89.87,False,False,5,0,5,0
1458,2224.81,868.91,False,False,1,0,22,0
1459,108.72,373.67,False,False,1,1,8,0
1460,2201.28,335.19,False,False,5,6,7,1
1461,897.28,395.6,False,True,1,0,9,0
1462,756.71,622.76,True,False,1,1,11,0
1463,569.22,124.9,False,False,5,0,23,0
1464,1161.48,568.76,True,False,5,0,7,0
1465,1021.85,305.6,False,False,1,0,16,0
1466,429.04,151.55,False,False,1,0,8,0
1467,144.07,66.0,False,False,4,0,5,0
1468,1977.32,881.32,False,False,1,0,17,0
1469,734.81,551.39,False,False,1,0,8,0
1470,59.64,292.25,True,False,3,0,23,0
1471,4598.17,687.47,True,True,1,2,9,1
1472,65.01,312.72,False,True,3,0,19,0
1473,1943.15,738.1,False,False,3,0,11,0
1474,137.01,188.62,False,False,1,0,6,0
1475,1102.33,461.63,False,False,2,0,14,0
1476,75.23,315.36,False,False,2,0,19,0
1477,2523.02,870.66,False,False,2,0,20,0
1478,1971.66,987.17,False,False,2,0,21,0
1479,4429.82,759.08,False,False,1,1,22,0
1480,1656.68,595.69,False,False,0,2,22,0
1481,271.18,374.23,False,False,2,0,11,0
1482,1223.47,686.34,False,False,3,1,15,0
1483,1218.78,770.98,False,False,3,0,12,0
1484,155.67,91.68,False,True,7,0,12,0
1485,236.45,257.55,False,False,8,0,11,0
1486,685.79,927.39,False,False,13,1,2,1
1487,146.89,674.43,False,False,1,0,7,0
1488,53.64,267.86,False,False,3,0,8,0
1489,438.39,593.12,False,False,0,0,11,0
1490,405.74,487.81,False,True,5,0,14,0
1491,1166.28,460.23,False,False,1,0,18,0
1492,1230.82,776.2,True,True,3,5,22,1
1493,1029.21,554.32,False,False,1,0,22,0
1494,173.77,254.81,False,False,1,0,5,0
1495,496.68,330.76,True,False,4,0,4,0
1496,432.54,157.51,False,False,1,0,12,0
1497,2030.4,278.46,False,True,2,0,7,0
1498,255.56,365.47,False,False,1,1,7,0
1499,4250.72,643.6,False,False,1,0,15,0
1500,5597.8,777.21,True,False,1,2,4,1
1501,4726.89,703.56,True,True,5,0,5,1
1502,2059.16,988.98,False,False,1,0,22,0
1503,952.19,620.33,False,False,0,0,21,0
1504,28.28,90.34,False,True,2,0,12,0
1505,1458.25,654.83,False,True,2,0,13,0
1506,334.2,991.13,False,True,2,1,6,0
1507,135.36,100.38,False,False,3,1,4,0
1508,1597.8,955.45,False,True,4,2,13,0
1509,282.66,168.05,True,False,1,1,20,0
1510,1176.02,934.35,False,False,0,0,7,0
1511,960.27,430.08,False,False,3,0,5,0
1512,552.54,448.81,False,False,1,0,7,0
1513,252.67,88.74,False,True,6,0,6,0
1514,985.72,799.23,False,False,1,1,7,0
1515,895.78,342.34,False,False,2,2,1,0
1516,641.01,399.95,False,False,1,3,6,0
1517,741.92,372.93,False,False,1,0,16,0
1518,1470.29,549.9,False,False,4,1,19,0
1519,1267.66,735.19,False,False,2,0,11,0
1520,205.03,661.83,False,True,0,0,21,0
1521,449.88,963.62,False,False,3,1,5,0
1522,2025.37,225.59,True,True,7,2,4,1
1523,70.88,62.46,False,False,3,1,18,0
1524,1151.9,888.17,False,False,5,0,8,0
1525,331.81,657.32,False,False,2,0,1,0
1526,971.83,436.92,False,False,2,0,15,0
1527,37.14,122.91,False,False,1,0,6,0
1528,743.03,648.95,False,False,2,1,0,0
1529,1466.83,172.35,False,False,1,4,3,1
1530,37.02,133.96,False,False,1,1,10,0
1531,100.73,291.33,False,False,2,0,20,0
1532,1131.19,583.3,False,False,1,2,14,0
1533,79.48,54.71,False,False,2,0,21,0
1534,117.08,93.81,False,True,3,0,6,0
1535,379.08,993.53,False,False,5,1,13,0
1536,451.39,207.32,False,False,3,0,14,0
1537,1509.86,659.66,False,False,4,0,9,0
1538,1140.06,397.87,False,False,1,0,14,0
1539,2303.06,802.68,False,True,4,1,9,0
1540,1324.61,458.38,True,False,0,0,8,0
1541,892.49,446.82,False,False,2,4,12,0
1542,1372.79,679.42,False,False,3,0,2,0
1543,2422.37,902.39,True,True,3,0,22,0
1544,1857.37,794.87,False,True,3,0,23,0
1545,3119.83,436.58,True,False,2,0,9,0
1546,933.84,816.87,False,True,4,1,9,0
1547,1310.75,806.47,False,True,0,2,12,0
1548,1304.82,684.33,True,False,6,0,3,1
1549,300.83,121.3,False,False,4,0,4,0
1550,2226.85,665.87,True,False,6,1,1,1
1551,1559.88,545.72,False,False,0,0,13,0
1552,2390.71,520.51,False,True,7,1,18,1
1553,1082.14,616.5,True,False,3,1,6,0
1554,227.24,587.15,False,True,5,0,11,0
1555,274.97,481.17,False,False,5,0,17,0
1556,2674.98,567.45,True,False,3,2,1,1
1557,381.15,156.99,False,True,2,3,23,1
1558,591.62,407.18,False,False,1,0,10,0
1559,466.66,356.87,False,False,0,0,12,0
1560,918.09,697.95,False,False,5,1,21,0
1561,865.49,227.32,True,False,4,0,11,0
1562,1684.16,934.06,False,False,4,0,18,0
1563,237.77,270.05,True,False,2,4,15,0
1564,201.5,762.76,False,False,3,0,8,0
1565,2021.58,715.11,False,False,3,0,16,0
1566,832.93,407.31,False,False,1,0,17,0
1567,3163.18,676.58,False,False,3,0,7,0
1568,2304.73,781.59,False,False,6,1,22,0
1569,1100.57,783.94,False,False,2,0,6,0
1570,1727.72,808.47,False,False,2,1,13,0
1571,874.13,327.27,False,False,2,0,14,0
1572,1866.45,644.76,False,True,3,0,12,0
1573,323.15,431.57,False,False,0,0,7,0
1574,322.7,110.31,False,False,2,0,18,0
1575,1857.49,732.61,False,False,2,1,22,0
1576,395.48,548.17,False,False,0,0,2,0
1577,475.02,420.65,False,True,3,0,10,0
1578,339.22,375.5,False,False,2,0,14,0
1579,600.95,284.29,False,False,4,1,11,0
1580,442.97,906.44,False,False,3,2,15,0
1581,2662.64,935.55,False,False,1,2,12,0
1582,305.12,627.54,False,False,1,1,5,0
1583,660.21,515.15,False,False,3,1,14,0
1584,515.15,263.0,True,False,2,0,8,0
1585,469.0,619.05,False,False,1,1,16,0
1586,503.13,342.2,False,False,1,1,11,0
1587,837.77,502.06,False,False,4,0,13,0
1588,470.25,192.2,False,False,0,1,17,0
1589,1765.09,950.58,False,True,3,0,13,0
1590,481.44,273.26,False,False,5,2,18,0
1591,1756.54,957.77,False,False,2,0,9,0
1592,843.74,371.0,False,False,1,0,15,0
1593,1364.03,849.5,False,False,1,0,15,0
1594,7543.68,935.95,True,False,6,4,12,1
1595,973.81,274.6,False,False,10,2,0,1
1596,999.61,506.5,False,False,3,0,21,0
1597,1236.05,413.91,False,False,4,4,19,0
1598,814.95,799.39,False,False,1,1,10,0
1599,127.75,323.52,False,False,3,1,9,0
1600,65.97,109.77,False,True,1,0,5,0
1601,853.85,543.61,False,False,1,0,17,0
1602,319.03,132.74,False,False,1,1,13,0
1603,1163.46,409.96,False,False,2,1,19,0
1604,328.15,674.79,True,False,3,2,10,0
1605,3194.36,703.11,True,True,3,1,1,1
1606,765.44,957.43,False,True,1,0,23,0
1607,790.15,338.04,True,True,15,2,12,1
1608,946.24,862.91,False,False,1,1,20,0
1609,2320.44,817.83,False,False,1,1,8,0
1610,1238.29,474.49,False,False,1,0,1,0
1611,1694.19,616.1,False,False,3,1,22,0
1612,151.29,543.0,False,False,1,0,6,0
1613,202.34,214.6,False,False,5,1,21,0
1614,998.81,466.45,False,False,3,0,22,0
1615,248.22,107.84,False,False,1,0,17,0
1616,1488.68,823.94,True,True,4,0,23,0
1617,3274.86,874.21,False,False,3,0,5,0
1618,1175.99,238.9,False,True,3,0,20,1
1619,1094.09,702.43,False,True,0,1,8,1
1620,350.49,162.18,False,False,3,0,7,0
1621,841.79,413.45,True,True,1,8,2,1
1622,2611.87,929.25,False,False,3,0,18,0
1623,965.68,247.98,False,False,1,0,14,0
1624,785.39,135.6,False,False,5,1,15,0
1625,107.99,192.62,False,False,3,0,17,0
1626,229.32,112.72,False,False,3,0,23,0
1627,192.92,66.23,True,False,2,0,16,0
1628,1990.12,774.44,False,True,3,0,20,0
1629,294.94,451.34,False,False,0,0,0,0
1630,3598.0,868.87,False,False,3,2,13,0
1631,395.09,200.67,True,False,4,0,0,0
1632,1450.9,912.58,False,False,2,1,7,0
1633,717.17,610.62,False,False,6,0,9,0
1634,147.03,288.54,False,False,4,0,0,0
1635,632.56,749.85,False,False,6,0,6,0
1636,1123.43,541.01,False,True,0,1,6,0
1637,1240.97,235.71,False,False,1,0,2,0
1638,576.69,554.16,False,True,3,0,10,0
1639,1257.27,866.43,False,False,2,0,15,0
1640,523.2,687.5,False,False,5,0,18,0
1641,552.87,464.97,True,False,1,1,0,0
1642,463.0,432.84,False,False,3,1,4,0
1643,150.46,493.99,False,False,1,1,23,0
1644,825.88,865.02,True,False,8,0,6,0
1645,3737.93,628.41,False,False,2,2,21,0
1646,496.82,656.94,False,False,4,0,14,0
1647,1996.48,912.67,True,False,8,8,12,1
1648,153.52,215.49,False,False,3,0,8,0
1649,3106.65,473.76,False,True,2,3,5,0
1650,268.85,98.43,False,True,2,1,5,0
1651,1747.02,677.42,False,False,7,0,23,0
1652,972.3,529.23,False,False,0,0,4,0
1653,1248.27,608.27,True,False,0,0,13,0
1654,265.4,181.33,False,False,2,2,19,0
1655,692.53,405.11,True,True,2,0,7,0
1656,392.57,220.84,False,False,3,0,21,0
1657,1668.61,690.62,False,False,5,0,17,0
1658,1534.6,999.1,False,False,2,0,7,0
1659,146.23,452.35,False,False,1,0,22,0
1660,183.18,366.64,False,False,4,0,10,0
1661,128.27,92.91,False,False,2,0,18,0
1662,917.65,480.41,False,True,5,0,10,1
1663,973.92,387.79,False,False,1,0,12,0
1664,360.55,430.12,True,False,7,0,21,0
1665,1161.13,596.96,True,False,1,1,12,0
1666,1905.19,767.72,False,False,3,0,18,0
1667,120.86,374.64,False,False,0,0,5,0
1668,902.81,392.3,False,False,3,0,11,0
1669,423.32,309.92,False,False,3,1,7,0
1670,290.95,170.44,False,False,2,2,17,0
1671,242.6,573.6,False,False,8,1,10,0
1672,1115.37,645.26,False,False,4,0,17,0
1673,926.08,572.07,False,False,4,0,15,0
1674,55.91,96.84,False,False,4,1,12,0
1675,488.11,412.42,True,True,3,0,22,0
1676,796.63,577.48,False,False,3,0,15,0
1677,34.78,103.02,False,False,1,0,23,0
1678,283.47,94.61,False,False,5,1,18,0
1679,91.06,97.5,True,False,1,0,19,0
1680,2146.78,897.84,False,False,1,1,5,0
1681,258.7,280.39,False,False,1,0,15,0
1682,115.2,101.48,False,False,0,0,10,0
1683,114.87,162.49,False,False,6,0,14,0
1684,1002.41,775.62,True,True,3,0,21,0
1685,574.5,288.64,False,True,5,0,23,0
1686,1268.86,426.28,False,False,1,0,19,0
1687,870.77,902.4,False,False,4,1,18,0
1688,1062.15,743.92,True,True,8,6,2,1
1689,1256.01,743.02,False,False,4,0,21,0
1690,367.95,171.52,False,False,1,1,13,0
1691,1748.61,692.03,False,True,7,2,11,1
1692,91.16,122.87,False,False,1,0,20,0
1693,279.97,639.75,False,False,3,0,10,0
1694,138.88,79.17,False,True,0,0,22,0
1695,2735.08,854.46,False,False,9,2,11,1
1696,2262.38,628.44,True,False,5,4,1,1
1697,160.21,61.22,False,False,2,1,20,0
1698,2759.67,538.48,False,False,1,0,13,0
1699,1417.27,834.56,False,True,3,0,22,0
1700,2042.37,659.7,False,False,8,4,4,1
1701,1395.85,527.22,False,False,2,0,21,0
1702,1671.39,890.56,False,False,2,1,8,0
1703,598.64,476.94,True,True,3,0,17,0
1704,166.63,216.28,False,False,2,0,8,0
1705,273.21,157.09,True,False,1,1,10,0
1706,3174.62,538.95,False,True,1,1,1,0
1707,291.78,52.01,False,False,0,0,22,0
1708,374.7,692.9,False,False,1,0,6,0
1709,765.7,273.47,False,False,0,0,3,0
1710,1382.11,793.89,False,False,2,3,8,0
1711,1111.15,238.63,True,False,1,6,13,1
1712,1360.78,954.87,True,True,3,0,17,0
1713,857.09,137.43,False,False,0,0,12,0
1714,57.02,51.51,False,False,5,0,6,0
1715,149.7,64.29,False,False,1,0,23,0
1716,646.19,434.99,True,False,2,0,23,0
1717,1516.29,552.68,False,False,10,0,23,1
1718,708.47,394.87,False,True,2,0,9,0
1719,1055.18,716.47,False,False,2,1,14,0
1720,4442.74,575.63,False,False,1,0,15,0
1721,1520.36,972.94,False,True,3,0,10,0
1722,359.65,141.74,False,False,3,0,18,0
1723,314.46,204.58,False,True,0,1,13,0
1724,196.93,398.12,False,False,2,1,3,0
1725,101.43,170.1,False,False,4,1,0,0
1726,1556.05,429.33,False,False,12,1,1,1
1727,1401.62,871.29,False,False,5,1,6,0
1728,531.23,544.16,False,False,8,0,3,1
1729,3513.17,944.52,False,True,12,0,2,1
1730,240.82,659.41,True,False,0,0,8,0
1731,941.52,674.09,False,True,2,2,19,0
1732,798.38,591.04,True,False,6,1,3,1
1733,316.7,715.63,False,False,2,0,9,0
1734,957.86,545.81,False,False,1,0,20,0
1735,1277.84,442.75,False,False,1,0,22,0
1736,2866.47,906.61,True,True,7,2,17,1
1737,230.95,224.02,False,False,3,0,12,0
1738,340.7,922.48,False,False,2,1,23,0
1739,2668.49,990.24,False,False,2,2,12,0
1740,2861.85,982.33,False,False,2,0,3,0
1741,1048.35,719.45,False,True,6,0,5,0
1742,1321.46,563.8,True,False,3,1,8,0
1743,69.52,144.74,False,False,0,3,2,0
1744,927.0,718.95,False,True,3,0,12,0
1745,2617.83,923.92,False,False,5,0,15,0
1746,2618.92,905.09,True,False,3,0,2,0
1747,950.2,253.87,False,True,15,4,4,1
1748,3344.12,466.16,True,False,1,0,6,0
1749,885.7,722.88,True,False,3,0,3,0
1750,729.3,693.66,False,False,5,0,9,0
1751,1431.04,884.37,False,False,0,0,8,0
1752,1905.66,990.96,False,False,2,1,16,0
1753,1844.65,373.44,True,False,2,2,0,0
1754,1146.23,457.05,True,False,3,0,1,0
1755,289.7,525.91,False,False,1,1,16,0
1756,103.1,69.49,False,False,1,0,16,0
1757,150.53,119.23,False,False,1,0,10,0
1758,1165.7,646.35,False,False,1,0,5,0
1759,600.63,80.35,False,False,2,0,22,0
1760,105.97,443.3,False,True,2,0,5,0
1761,1934.57,694.42,False,False,8,0,19,0
1762,398.65,587.31,False,False,1,0,12,0
1763,182.09,813.9,False,False,2,0,19,0
1764,1946.21,710.16,True,False,4,0,5,0
1765,219.42,459.88,False,False,1,0,8,0
1766,1940.21,914.37,False,False,3,0,16,0
1767,1527.82,573.07,False,False,7,0,17,0
1768,734.34,92.23,False,False,2,1,11,0
1769,3712.38,980.13,False,False,7,4,2,1
1770,395.71,674.49,False,False,0,0,14,0
1771,541.09,644.01,False,True,1,0,13,0
1772,1942.42,744.59,False,True,7,2,11,0
1773,1556.41,689.47,False,False,7,0,9,0
1774,278.46,174.64,False,True,4,0,6,0
1775,1056.89,771.34,False,False,2,0,6,0
1776,2023.66,803.39,False,False,5,0,9,0
1777,2080.52,699.6,True,False,4,3,2,0
1778,405.21,627.71,False,False,1,1,22,0
1779,74.27,113.54,False,False,1,0,21,0
1780,2967.55,435.57,False,False,6,3,6,1
1781,311.57,715.4,False,False,2,0,13,0
1782,109.36,84.37,False,False,3,1,16,0
1783,1332.15,664.86,True,True,6,1,8,1
1784,2230.2,970.22,False,True,5,2,9,1
1785,1430.41,538.95,False,False,12,4,8,1
1786,814.53,933.79,False,False,0,0,13,0
1787,1561.69,581.72,False,False,1,0,16,0
1788,351.83,396.44,False,False,0,0,2,0
1789,688.93,552.55,False,False,2,1,23,0
1790,694.24,524.41,False,False,8,1,15,0
1791,485.88,392.47,False,False,2,2,21,0
1792,2234.61,816.55,False,True,1,0,5,0
1793,2571.35,929.03,False,True,1,1,15,0
1794,421.11,402.65,False,True,5,0,13,0
1795,1184.44,399.55,False,False,5,0,13,0
1796,1639.2,604.35,False,False,1,0,6,0
1797,655.12,442.02,True,False,5,0,8,0
1798,370.06,554.29,False,True,3,0,22,0
1799,578.82,198.6,False,False,2,2,13,0
1800,1110.22,696.26,True,False,6,1,5,0
1801,1002.97,440.38,False,False,2,0,15,0
1802,1033.43,235.23,True,False,5,0,9,0
1803,7147.58,935.81,False,False,3,0,1,0
1804,268.14,698.3,False,False,4,0,14,0
1805,1400.51,594.98,False,False,4,0,10,0
1806,463.44,238.54,False,True,3,0,10,0
1807,577.61,649.61,False,False,3,1,11,0
1808,408.81,190.94,False,False,3,1,10,0
1809,2035.23,395.41,False,True,3,2,1,1
1810,39.47,132.75,False,False,2,0,17,0
1811,1290.3,798.52,False,False,2,0,9,0
1812,968.65,386.51,False,False,2,0,7,0
1813,1018.43,518.35,False,False,2,0,11,0
1814,603.27,766.06,False,False,3,0,21,0
1815,208.21,150.82,False,True,15,4,1,1
1816,1206.0,960.44,False,False,8,0,17,0
1817,1389.98,902.23,False,True,3,0,20,0
1818,5306.27,836.29,False,False,1,0,9,0
1819,4873.07,676.99,True,False,9,5,12,1
1820,940.46,734.09,False,False,2,0,7,0
1821,1157.26,939.94,False,False,0,0,15,0
1822,639.94,308.04,False,False,7,0,20,0
1823,45.46,225.62,False,False,2,0,4,0
1824,1070.05,521.32,False,True,1,0,17,0
1825,177.48,588.2,False,False,0,0,12,0
1826,1277.79,621.85,True,False,1,8,23,1
1827,962.69,558.03,False,False,5,2,14,0
1828,790.72,622.49,False,True,2,1,15,0
1829,607.31,168.45,True,False,3,0,14,0
1830,746.12,483.29,False,True,2,0,14,0
1831,800.47,774.39,False,False,1,2,11,0
1832,111.99,380.18,False,True,2,0,20,0
1833,586.7,609.42,False,False,2,0,23,0
1834,148.66,180.49,False,False,2,1,16,0
1835,1923.58,552.57,True,True,1,2,21,1
1836,662.52,581.61,False,False,2,0,15,0
1837,896.83,880.93,False,False,4,1,8,0
1838,2150.46,931.6,False,False,4,0,12,0
1839,75.96,306.16,False,False,3,0,23,0
1840,689.7,449.12,False,False,3,0,21,0
1841,601.17,937.07,False,False,3,0,1,0
1842,2438.91,504.8,True,False,6,4,3,1
1843,1300.17,498.99,False,False,0,0,14,0
1844,91.55,110.88,True,True,5,1,8,0
1845,1133.29,870.59,False,False,2,0,20,0
1846,1419.34,577.61,False,False,6,0,14,0
1847,582.71,710.97,True,False,2,0,10,0
1848,993.99,437.03,True,False,1,0,11,0
1849,99.1,67.78,False,False,3,1,22,0
1850,240.53,81.04,False,False,5,0,23,0
1851,88.11,195.34,False,False,5,0,6,0
1852,3518.13,849.4,False,False,6,0,13,0
1853,424.52,371.42,False,False,1,0,9,0
1854,156.84,272.08,False,False,1,1,12,0
1855,987.58,437.88,False,False,4,0,19,0
1856,352.75,184.89,False,False,5,0,16,0
1857,341.74,124.33,False,False,1,0,11,0
1858,304.87,922.0,False,False,6,1,5,0
1859,4606.99,731.81,True,True,6,1,3,1
1860,442.58,296.0,False,True,5,0,15,0
1861,1121.67,443.22,False,False,1,0,12,0
1862,1938.97,924.47,False,False,4,0,6,0
1863,774.54,605.69,False,False,1,0,12,0
1864,1520.55,645.84,True,False,1,0,4,0
1865,629.61,537.84,False,False,5,0,7,0
1866,98.54,97.01,True,False,1,0,13,0
1867,587.72,219.29,False,False,1,0,17,0
1868,203.68,287.28,True,False,1,0,15,0
1869,378.3,297.64,False,False,3,0,11,0
1870,864.32,325.4,False,False,4,0,15,0
1871,531.98,491.39,True,False,9,6,2,1
1872,1358.55,697.78,False,False,3,0,15,0
1873,485.68,304.61,False,True,5,0,0,0
1874,941.84,381.83,False,False,2,2,14,0
1875,823.47,356.45,True,True,6,1,19,1
1876,560.93,821.75,False,False,3,0,7,0
1877,595.36,296.25,False,True,1,0,6,0
1878,3949.14,595.2,True,False,2,3,8,1
1879,1445.31,214.25,False,False,1,0,18,0
1880,578.16,559.0,True,False,1,0,6,0
1881,2517.06,989.38,False,True,2,0,20,0
1882,591.12,548.2,False,False,2,0,17,0
1883,1115.76,786.32,False,False,1,0,18,0
1884,54.56,220.09,False,True,1,0,8,0
1885,1362.12,511.32,False,False,1,0,9,0
1886,1279.46,435.94,False,False,0,0,8,0
1887,97.13,68.91,False,False,3,1,2,0
1888,563.98,760.6,False,False,0,0,10,0
1889,1551.63,891.98,True,False,3,2,10,0
1890,215.18,586.33,False,False,1,0,12,0
1891,587.76,218.44,False,False,5,0,11,0
1892,220.73,509.47,False,True,3,0,17,0
1893,841.81,482.13,False,True,7,0,10,0
1894,126.25,264.33,False,False,7,0,7,0
1895,812.14,359.1,False,False,5,0,6,0
1896,1185.02,647.69,True,False,2,0,13,0
1897,230.34,121.31,False,True,5,0,23,0
1898,1475.75,860.57,False,False,1,0,9,0
1899,1020.7,408.03,False,False,3,0,9,0
1900,453.93,243.93,False,True,1,0,5,0
1901,1368.91,751.27,False,False,3,0,18,0
1902,5174.68,997.17,False,False,2,0,14,0
1903,1108.84,523.13,False,False,1,2,21,0
1904,158.35,156.92,False,False,1,0,22,0
1905,936.68,411.78,True,True,14,1,21,1
1906,598.49,882.05,False,False,1,0,17,0
1907,144.16,575.23,False,False,4,0,12,0
1908,2080.86,883.4,False,False,10,3,4,1
1909,595.39,637.91,False,False,2,0,5,0
1910,2657.91,962.12,True,False,3,1,17,0
1911,1445.69,894.17,True,False,10,3,4,1
1912,1726.28,587.07,False,False,1,0,3,0
1913,1545.74,916.65,False,False,4,0,11,0
1914,756.96,894.13,False,False,6,0,6,0
1915,429.0,310.55,False,False,5,0,17,0
1916,2169.11,789.21,False,False,2,0,10,0
1917,191.58,862.35,False,False,3,0,13,0
1918,868.6,506.38,False,False,2,0,8,0
1919,889.0,826.89,False,True,1,0,8,0
1920,299.64,837.45,False,False,3,2,7,0
1921,1881.14,790.18,False,False,2,0,22,0
1922,1397.12,636.61,False,False,1,0,16,0
1923,453.78,866.26,False,False,3,0,0,0
1924,1229.9,654.9,False,False,1,0,11,0
1925,309.45,184.09,False,False,1,1,16,0
1926,1066.13,717.21,False,False,3,0,21,0
1927,211.45,261.13,True,False,3,0,10,0
1928,145.27,85.56,False,False,0,1,20,0
1929,229.52,320.98,False,False,1,0,11,0
1930,1823.69,742.49,False,True,2,0,20,0
1931,140.4,315.26,False,False,5,0,7,0
1932,153.31,263.26,False,False,2,1,15,0
1933,1960.77,608.16,False,True,13,4,20,1
1934,167.35,66.11,False,False,0,0,21,0
1935,417.35,323.12,False,False,2,0,19,0
1936,1237.67,466.14,False,False,1,1,21,0
1937,1008.07,542.4,False,True,3,0,7,0
1938,665.23,334.28,False,False,0,0,23,0
1939,1030.94,920.11,True,False,5,0,10,0
1940,182.33,421.66,False,False,1,0,22,0
1941,751.33,127.82,False,False,2,5,15,1
1942,6229.25,893.13,False,False,4,0,8,0
1943,367.24,598.24,False,False,2,0,7,0
1944,1151.22,674.14,True,False,6,0,15,0
1945,4636.01,689.67,False,False,2,0,22,0
1946,342.81,594.83,False,False,1,0,21,0
1947,896.79,558.26,False,False,0,0,19,0
1948,250.05,116.19,False,False,2,0,7,0
1949,504.26,381.25,False,False,4,0,2,0
1950,2496.69,976.66,False,False,6,0,15,0
1951,1297.63,829.39,False,False,4,0,17,0
1952,1611.85,632.77,False,False,1,0,18,0
1953,774.96,667.65,False,True,0,1,18,0
1954,3591.82,898.64,False,False,15,1,2,1
1955,875.92,302.32,True,False,2,0,5,0
1956,295.12,512.28,False,False,1,0,8,0
1957,1454.48,600.06,False,False,2,0,13,0
1958,1647.52,867.54,False,False,2,0,13,0
1959,1408.55,533.69,False,False,4,0,15,0
1960,1414.26,898.12,False,False,0,2,22,0
1961,2038.13,799.39,False,False,3,0,11,0
1962,1250.9,772.01,False,False,3,0,12,0
1963,76.42,319.77,False,False,0,0,16,0
1964,2432.14,834.61,False,True,1,0,6,0
1965,299.19,114.43,False,True,0,0,9,0
1966,891.3,770.06,True,True,5,2,10,1
1967,1738.76,997.94,True,False,3,0,9,0
1968,87.34,313.2,False,False,1,0,23,0
1969,667.4,224.17,False,False,1,0,11,0
1970,280.87,144.69,True,False,2,0,6,0
1971,411.4,191.84,False,False,1,0,12,0
1972,321.91,812.46,False,False,2,0,20,0
1973,69.22,78.52,False,False,6,0,19,0
1974,4769.61,765.0,True,True,4,7,21,1
1975,72.96,121.79,True,False,1,1,13,0
1976,409.94,802.73,False,False,6,0,2,0
1977,264.28,436.71,False,False,4,2,16,0
1978,3135.81,665.55,False,False,3,0,5,0
1979,827.15,339.84,False,False,3,0,16,0
1980,354.33,263.42,False,False,1,0,9,0
1981,693.52,377.7,False,False,1,0,15,0
1982,254.64,560.17,False,False,2,1,22,0
1983,706.54,292.53,False,False,2,0,6,0
1984,775.87,525.19,True,False,2,0,23,0
1985,381.71,80.9,False,True,4,0,4,1
1986,1824.81,775.89,False,False,3,1,11,0
1987,934.82,980.67,False,False,6,0,23,0
1988,318.78,439.71,False,True,0,0,20,0
1989,911.02,755.42,False,False,3,0,4,0
1990,629.73,286.23,False,False,1,0,23,0
1991,534.25,589.72,False,True,2,1,23,0
1992,380.61,646.39,False,False,3,0,23,0
1993,969.1,753.01,False,False,1,3,22,0
1994,313.76,999.98,True,False,4,0,12,0
1995,413.2,162.8,False,True,0,1,22,0
1996,423.1,709.59,False,False,1,0,5,0
1997,783.82,243.28,True,True,7,5,2,1
1998,161.25,460.35,True,True,5,1,22,0
1999,412.54,704.28,False,False,5,0,3,0
2000,219.56,554.33,False,False,1,0,11,0
2001,234.96,201.78,False,True,0,0,22,0
2002,997.21,574.08,False,False,3,1,16,0
2003,423.54,322.52,False,True,3,0,18,0
2004,156.73,130.99,True,True,6,1,1,1
2005,388.55,990.69,True,True,5,2,5,0
2006,379.28,457.91,False,False,5,1,6,0
2007,205.51,340.19,False,False,4,0,5,0
2008,141.03,133.71,True,False,4,5,1,1
2009,165.36,382.24,False,False,1,0,9,0
2010,1005.64,684.77,True,False,2,1,17,0
2011,357.72,863.13,False,False,5,0,21,0
2012,466.85,306.08,False,False,2,0,6,0
2013,982.13,936.02,False,False,7,0,13,0
2014,470.2,342.22,False,False,1,0,18,0
2015,410.93,624.37,False,False,0,0,14,0
2016,277.45,133.54,False,False,2,0,12,0
2017,2366.74,685.26,True,False,5,3,21,1
2018,160.92,607.35,False,False,3,0,8,0
2019,592.02,222.66,False,False,1,1,5,0
2020,2013.6,431.38,False,True,3,3,4,1
2021,370.48,988.08,False,True,2,1,6,0
2022,6951.9,817.21,True,False,8,2,3,1
2023,1236.44,610.21,False,False,1,0,9,0
2024,1817.13,942.91,False,True,2,0,19,0
2025,82.0,362.22,False,False,2,0,8,0
2026,2089.6,926.49,False,False,5,3,3,1
2027,53.11,103.43,False,False,2,0,20,0
2028,412.54,196.9,False,False,7,0,8,0
2029,159.86,510.91,False,False,1,2,14,0
2030,845.82,690.05,False,False,2,0,14,0
2031,1018.77,779.63,False,False,1,0,17,0
2032,1993.45,775.25,False,False,0,1,16,0
2033,1895.37,638.76,False,False,6,3,0,1
2034,2121.77,846.79,False,True,5,0,21,0
2035,2313.54,898.15,False,False,3,1,14,0
2036,1023.27,328.19,False,True,2,1,0,0
2037,328.99,267.2,True,False,2,1,17,0
2038,367.68,434.07,False,False,1,0,5,0
2039,806.95,829.18,False,False,8,0,23,0
2040,1313.87,862.75,False,False,3,1,7,0
2041,433.99,912.23,False,False,2,0,13,0
2042,2011.15,861.38,False,False,1,0,14,0
2043,1773.5,751.24,False,False,1,0,5,0
2044,58.69,108.09,False,False,3,0,12,0
2045,1150.97,736.53,False,False,0,0,7,0
2046,784.35,528.09,False,True,2,0,17,0
2047,632.78,432.69,False,False,8,0,9,0
2048,3416.79,670.07,True,False,3,2,4,1
2049,253.08,430.84,False,False,2,1,6,0
2050,2970.56,688.23,False,False,2,0,15,0
2051,923.54,788.55,True,False,4,1,23,0
2052,242.3,129.62,False,False,3,0,15,0
2053,195.82,104.88,False,False,1,0,23,0
2054,127.74,76.24,False,False,1,0,19,0
2055,152.94,221.25,False,False,1,0,16,0
2056,1501.6,515.59,True,True,3,0,16,0
2057,547.2,304.79,False,True,7,0,23,1
2058,1511.68,605.29,False,False,9,1,2,1
2059,178.24,427.64,False,True,0,0,5,0
2060,2273.76,815.91,False,False,5,0,14,0
2061,368.57,248.24,False,False,2,1,19,0
2062,925.53,314.71,False,True,1,0,15,0
2063,444.53,198.46,False,False,1,0,12,0
2064,1131.57,715.68,False,True,5,0,16,0
2065,829.81,333.54,True,False,3,0,10,0
2066,248.74,207.89,False,False,3,0,19,0
2067,553.6,530.38,True,False,8,1,5,0
2068,1581.53,568.36,False,False,1,0,7,0
2069,2103.37,787.8,False,True,1,0,1,0
2070,177.6,199.03,False,False,1,0,16,0
2071,2384.62,815.09,True,False,1,0,6,0
2072,761.5,434.58,False,False,1,0,11,0
2073,914.78,329.82,False,True,4,0,22,0
2074,781.24,268.97,False,False,1,0,15,0
2075,809.48,423.18,False,False,1,0,11,0
2076,815.52,486.8,True,False,11,1,13,1
2077,680.55,588.04,False,True,1,0,1,0
2078,719.86,403.76,False,False,9,3,4,1
2079,1162.85,428.71,False,True,3,0,12,0
2080,3720.35,592.53,False,False,6,3,1,1
2081,127.22,150.6,False,True,0,0,8,0
2082,382.87,149.81,False,False,5,0,19,0
2083,154.09,170.51,False,False,2,0,15,0
2084,396.68,562.72,False,True,3,0,3,0
2085,657.96,838.04,False,True,2,0,16,0
2086,1426.33,945.62,False,False,2,0,21,0
2087,288.75,391.31,False,True,3,0,20,0
2088,4426.73,799.11,False,True,2,0,11,0
2089,816.47,655.77,False,False,2,0,5,0
2090,1351.63,556.62,False,False,3,3,22,0
2091,429.59,609.53,True,False,1,0,7,0
2092,1431.26,594.73,False,False,2,1,9,0
2093,135.48,50.23,False,True,2,0,20,0
2094,2763.7,664.67,True,False,0,0,11,0
2095,556.02,218.75,True,False,1,1,18,0
2096,1459.25,935.18,True,False,2,2,6,0
2097,458.5,464.13,False,False,2,0,19,0
2098,773.6,307.81,False,False,3,0,11,0
2099,384.48,158.93,False,False,6,0,8,0
2100,164.12,312.22,False,False,2,0,16,0
2101,129.65,449.21,False,False,1,0,6,0
2102,1351.56,886.0,False,True,2,0,20,0
2103,1262.25,586.4,True,True,2,0,13,0
2104,1642.07,521.4,True,True,4,7,19,1
2105,2641.15,997.56,False,False,1,1,22,0
2106,238.89,316.83,False,False,0,0,15,0
2107,947.85,880.68,False,False,0,1,23,0
2108,5824.21,843.47,False,True,3,0,18,0
2109,946.41,328.92,False,False,2,0,22,0
2110,1007.62,851.08,False,False,4,0,12,0
2111,2218.87,928.39,False,False,3,0,23,0
2112,411.5,106.82,False,True,1,0,14,1
2113,1813.9,712.63,False,False,1,0,6,0
2114,122.26,84.68,False,False,1,0,19,0
2115,153.83,71.14,False,True,5,0,18,0
2116,495.28,501.61,True,True,2,0,15,0
2117,1901.53,771.93,True,False,1,0,10,0
2118,1141.65,708.92,False,False,3,0,15,0
2119,1531.95,851.65,False,True,2,0,18,0
2120,1028.31,776.6,False,True,2,0,0,0
2121,428.53,204.72,False,False,6,0,21,0
2122,313.45,126.09,False,False,2,0,11,0
2123,615.45,271.71,False,False,4,0,17,0
2124,429.13,199.85,False,False,1,1,12,0
2125,635.66,337.36,True,False,3,0,5,0
2126,2908.62,618.87,False,False,2,4,13,0
2127,896.87,916.84,False,False,3,1,7,0
2128,902.09,561.84,False,False,2,0,8,0
2129,1535.17,662.94,False,True,2,1,23,0
2130,1371.68,675.26,True,True,5,1,6,0
2131,1013.06,978.46,False,True,0,0,0,0
2132,812.95,432.01,False,True,4,0,21,0
2133,240.98,949.2,False,False,2,0,19,0
2134,27.7,134.38,False,False,3,1,8,0
2135,121.45,498.64,True,True,0,0,10,0
2136,1202.37,450.22,False,False,4,0,13,0
2137,849.7,545.82,True,True,3,0,9,0
2138,905.45,674.75,True,True,5,2,12,0
2139,2535.55,573.75,False,True,0,1,19,1
2140,2263.24,922.38,True,True,4,0,12,1
2141,191.29,453.67,False,False,2,2,12,0
2142,2219.76,835.72,False,True,2,1,20,0
2143,529.35,400.97,False,False,1,0,19,0
2144,640.06,643.68,True,False,1,1,10,0
2145,185.51,97.97,False,True,2,0,3,0
2146,1736.65,968.17,False,False,1,0,9,0
2147,1692.29,750.38,False,False,2,0,22,0
2148,524.92,724.61,False,False,1,0,6,0
2149,1661.94,873.59,False,False,3,1,7,0
2150,513.0,169.75,True,False,3,0,17,0
2151,247.15,636.09,False,False,3,1,23,0
2152,883.35,335.49,False,True,3,8,4,1
2153,963.04,463.04,False,False,3,0,5,0
2154,345.45,971.14,False,False,1,0,18,0
2155,2685.74,945.29,False,False,1,2,22,0
2156,7780.31,980.05,False,False,4,0,12,0
2157,70.82,52.64,False,False,1,0,14,0
2158,159.6,56.39,False,True,1,0,1,0
2159,300.64,637.74,True,False,1,0,16,0
2160,1397.43,448.09,True,True,10,4,23,1
2161,182.72,117.43,False,True,1,0,14,0
2162,95.34,476.13,False,False,2,2,9,0
2163,2740.88,349.45,True,False,2,0,7,0
2164,1378.83,648.38,False,False,0,0,10,0
2165,2918.98,613.44,False,False,3,0,21,0
2166,224.56,379.0,False,True,12,2,4,1
2167,209.67,397.46,False,False,4,0,23,0
2168,3816.51,837.43,False,True,1,0,22,0
2169,268.31,127.36,False,False,1,2,12,0
2170,1212.13,919.57,False,False,3,0,22,0
2171,2475.82,422.16,True,False,7,5,11,1
2172,1007.99,736.26,False,False,3,0,5,0
2173,3639.64,531.87,False,True,3,0,6,0
2174,47.06,88.97,False,True,4,1,14,0
2175,324.45,124.92,False,False,1,0,15,0
2176,328.68,375.76,False,True,3,0,10,0
2177,527.73,347.86,True,False,1,1,6,0
2178,406.71,694.95,False,False,2,0,7,0
2179,1077.19,593.68,False,False,4,4,18,0
2180,451.41,360.38,True,False,0,1,4,0
2181,304.13,173.25,False,False,2,0,6,0
2182,126.58,89.45,True,True,3,1,18,0
2183,30.99,57.61,False,False,2,3,1,0
2184,354.01,186.0,False,False,3,0,19,0
2185,720.4,398.33,False,False,0,0,6,0
2186,2403.48,968.66,False,False,1,1,23,0
2187,161.23,91.65,False,False,5,0,22,0
2188,1357.07,583.01,True,False,13,1,2,1
2189,1125.16,428.23,False,False,1,0,15,0
2190,1015.94,410.89,True,False,1,0,0,0
2191,1201.72,870.51,False,True,1,1,4,0
2192,247.43,117.46,True,False,3,2,8,0
2193,182.47,101.27,False,True,1,0,14,0
2194,879.71,302.08,False,False,0,1,19,0
2195,637.26,353.35,False,False,5,0,18,0
2196,1252.8,939.89,False,False,5,0,15,0
2197,918.99,520.15,False,False,2,0,12,0
2198,1733.4,709.36,True,False,4,1,10,0
2199,546.83,623.3,False,False,3,0,9,0
2200,923.91,998.38,False,False,1,0,17,0
2201,1737.51,900.98,False,False,1,0,10,0
2202,331.52,558.17,False,False,0,0,5,0
2203,4508.71,636.0,True,True,3,4,20,1
2204,1679.99,624.42,True,False,1,0,13,0
2205,470.84,170.5,False,False,3,0,12,0
2206,129.05,53.59,False,False,1,1,9,0
2207,420.38,518.12,False,False,3,0,3,0
2208,931.78,333.8,False,False,2,0,15,0
2209,221.93,210.99,False,True,4,0,14,0
2210,44.23,175.66,False,False,4,0,19,0
2211,1029.76,402.69,False,True,4,0,21,0
2212,959.56,388.99,False,False,1,0,4,0
2213,643.2,349.31,True,False,7,0,20,0
2214,2165.81,846.71,False,True,2,1,23,0
2215,214.43,894.31,False,False,3,0,18,0
2216,501.73,171.18,False,False,1,0,22,0
2217,59.5,120.9,False,False,1,0,0,0
2218,1417.28,477.91,False,True,1,0,14,0
2219,938.99,335.16,False,False,2,0,21,0
2220,308.32,550.04,False,False,3,0,14,0
2221,2831.36,546.05,False,True,4,2,19,1
2222,1571.34,596.21,False,True,3,0,13,0
2223,1693.89,806.94,False,True,3,2,17,0
2224,177.38,98.16,False,True,2,0,16,0
2225,997.76,745.83,False,False,5,2,16,0
2226,262.21,384.46,False,False,0,0,21,0
2227,253.99,444.18,False,False,2,0,9,0
2228,115.3,293.85,False,False,5,0,11,0
2229,607.31,436.21,False,False,1,0,0,0
2230,314.66,960.41,False,False,1,2,18,0
2231,142.35,92.96,True,False,13,1,4,1
2232,1364.86,314.08,False,False,2,0,20,0
2233,2453.65,923.33,False,False,8,0,16,0
2234,1407.82,306.79,True,False,3,0,14,0
2235,4494.11,975.0,False,False,2,0,23,0
2236,4862.89,773.2,False,True,3,0,6,0
2237,1636.33,970.97,False,True,2,0,19,0
2238,1206.7,346.57,False,False,2,0,16,0
2239,258.75,157.99,False,False,5,0,5,0
2240,1455.42,766.88,False,False,2,0,8,0
2241,164.07,201.21,False,False,3,0,13,0
2242,1256.57,448.99,False,False,2,0,10,0
2243,698.48,252.95,True,True,4,2,7,0
2244,321.0,525.62,False,False,1,0,23,0
2245,805.34,936.89,False,True,3,0,23,0
2246,547.66,193.93,True,False,1,7,2,1
2247,1059.92,728.74,False,False,4,3,13,0
2248,3188.73,801.51,True,True,1,0,11,1
2249,123.97,112.99,False,False,1,0,17,0
2250,783.65,835.44,False,False,2,1,20,0
2251,407.57,193.39,False,False,4,0,15,0
2252,273.14,569.82,False,False,2,0,8,0
2253,357.22,177.12,False,False,2,1,6,0
2254,77.14,94.72,False,False,1,0,12,0
2255,1859.56,721.12,False,False,2,0,6,0
2256,491.13,361.51,False,False,1,3,19,0
2257,3545.41,512.5,True,False,4,2,2,1
2258,998.46,697.28,False,False,3,0,12,0
2259,235.88,725.36,False,False,1,3,14,0
2260,2063.58,953.43,False,False,7,1,11,0
2261,1940.1,990.96,False,False,2,0,3,0
2262,167.06,477.82,False,False,7,1,16,0
2263,499.01,327.33,False,True,3,0,18,0
2264,3368.56,823.68,False,False,1,0,8,0
2265,2063.98,947.66,False,False,3,0,21,0
2266,1273.59,581.58,False,False,1,0,14,0
2267,687.47,996.13,True,False,3,0,13,0
2268,161.31,603.92,False,False,1,0,13,0
2269,1459.47,740.8,False,False,0,0,8,0
2270,1341.57,469.86,False,True,3,0,14,0
2271,149.64,143.94,False,False,3,0,22,0
2272,139.57,512.51,False,False,3,0,12,0
2273,2939.06,782.12,False,False,6,1,23,0
2274,2231.15,828.21,False,False,1,1,18,0
2275,133.69,124.06,False,False,1,2,1,0
2276,1369.75,714.0,False,True,7,1,22,0
2277,1022.71,449.93,True,False,3,0,13,0
2278,316.57,164.28,False,False,2,0,16,0
2279,429.08,341.81,True,False,1,1,7,0
2280,2167.66,793.18,False,False,1,0,10,0
2281,436.67,466.74,True,False,0,2,22,0
2282,1107.29,974.16,True,False,1,2,14,0
2283,453.35,293.03,False,False,1,0,12,0
2284,109.73,112.8,False,False,2,0,11,0
2285,330.02,138.16,False,False,2,0,0,0
2286,866.3,604.0,False,False,2,0,16,0
2287,181.6,106.79,False,True,1,0,7,0
2288,313.03,461.48,True,False,2,0,8,0
2289,1541.18,687.82,False,True,12,0,22,1
2290,130.53,52.18,False,False,4,0,10,0
2291,82.21,236.37,False,False,2,1,15,0
2292,171.61,67.92,False,False,0,1,3,0
2293,680.35,147.94,False,True,0,1,12,0
2294,436.78,753.18,False,True,8,0,9,0
2295,128.54,217.3,True,False,3,1,8,0
2296,242.25,293.22,True,False,1,0,8,0
2297,182.71,200.41,False,False,1,0,21,0
2298,1128.5,783.89,False,True,2,0,10,0
2299,890.73,743.2,False,False,3,0,12,0
2300,718.68,594.21,False,False,2,1,10,0
2301,2436.61,982.74,False,True,2,1,16,0
2302,1700.19,878.72,False,False,1,1,12,0
2303,607.29,602.52,False,False,1,1,15,0
2304,800.4,371.16,False,False,3,1,15,0
2305,540.11,196.39,False,False,5,0,20,0
2306,1898.99,658.91,False,True,15,4,15,1
2307,1637.25,943.18,False,False,3,0,17,0
2308,351.56,189.76,False,False,5,0,18,0
2309,3297.46,867.42,True,True,13,1,7,1
2310,344.87,71.97,True,True,3,1,13,1
2311,792.16,452.43,False,False,1,1,8,0
2312,398.35,166.36,False,False,3,0,13,0
2313,1501.1,761.23,False,False,1,0,11,0
2314,895.23,487.01,False,False,1,0,13,0
2315,345.99,681.7,False,False,2,0,18,0
2316,1851.85,688.62,False,False,3,0,8,0
2317,412.37,796.0,False,False,3,1,0,0
2318,216.91,270.04,False,False,2,1,13,0
2319,845.58,145.37,False,False,3,2,20,0
2320,235.5,85.81,True,False,7,0,7,0
2321,258.61,95.18,False,False,1,0,18,0
2322,126.87,433.99,False,False,3,0,11,0
2323,942.53,900.55,False,True,0,0,0,0
2324,915.95,587.2,False,False,1,0,2,0
2325,63.61,143.94,False,False,1,1,14,0
2326,867.1,826.07,False,False,1,2,7,0
2327,242.66,163.27,False,False,5,2,4,0
2328,571.96,464.33,False,False,1,0,7,0
2329,3072.0,655.29,True,False,1,2,1,1
2330,514.52,319.76,True,False,4,6,4,1
2331,373.46,967.52,False,False,1,4,20,0
2332,5540.78,898.75,False,False,0,1,13,0
2333,1188.65,919.16,False,False,6,0,2,0
2334,2975.38,990.89,False,True,15,3,2,1
2335,985.5,331.43,False,False,2,0,16,0
2336,16.59,74.6,True,True,1,4,8,0
2337,89.16,54.84,False,False,1,0,19,0
2338,1156.55,147.48,False,False,2,0,8,0
2339,2818.78,559.48,False,False,1,1,9,0
2340,1009.56,574.6,False,False,2,1,16,0
2341,124.51,611.5,True,False,2,0,12,0
2342,2235.99,792.67,False,True,4,1,19,0
2343,383.62,206.5,False,True,5,0,16,0
2344,3932.76,578.7,False,True,5,0,2,0
2345,1225.32,323.31,True,True,10,1,21,1
2346,141.7,140.83,False,False,1,1,6,0
2347,1842.42,659.48,False,False,3,0,5,0
2348,628.96,265.98,False,True,4,0,19,0
2349,2044.06,921.83,False,True,4,0,20,0
2350,1440.45,612.74,False,False,2,1,18,0
2351,260.55,96.4,False,False,2,0,17,0
2352,1127.81,486.71,False,False,0,0,7,0
2353,463.78,447.34,False,True,2,0,11,0
2354,853.83,428.54,False,False,1,1,10,0
2355,3892.28,882.62,False,False,5,0,5,0
2356,171.5,310.21,True,False,1,1,15,0
2357,1006.29,349.56,False,False,4,0,10,0
2358,3197.33,400.48,False,False,3,0,16,0
2359,520.2,261.13,False,True,2,0,1,0
2360,901.36,422.69,False,False,0,0,9,0
2361,112.62,75.12,False,True,1,0,17,0
2362,632.48,249.42,False,False,4,1,8,0
2363,634.85,607.05,False,False,0,0,23,0
2364,717.76,597.63,True,True,14,3,0,1
2365,4427.59,663.82,True,True,7,3,2,1
2366,1155.34,732.04,False,False,6,0,23,0
2367,165.34,821.3,False,False,4,0,7,0
2368,1847.95,668.35,False,True,1,0,12,0
2369,815.45,793.25,False,False,3,2,19,0
2370,638.4,456.51,True,True,2,1,9,0
2371,370.09,596.72,False,True,13,0,7,1
2372,571.95,643.7,False,False,3,0,17,0
2373,573.9,503.93,False,False,2,0,7,0
2374,908.25,409.62,False,False,1,0,9,0
2375,1792.43,232.94,False,False,3,0,23,0
2376,411.28,191.08,False,False,1,0,17,0
2377,574.45,248.26,False,False,2,0,20,0
2378,682.92,591.62,False,False,0,0,5,0
2379,1137.73,813.64,False,False,4,1,16,0
2380,1675.58,187.27,True,True,4,8,16,1
2381,668.08,348.31,False,False,2,0,10,0
2382,998.27,812.06,False,False,3,0,23,0
2383,998.38,589.11,False,True,4,0,9,0
2384,619.28,882.03,False,False,3,0,11,0
2385,357.15,883.47,False,False,4,0,10,0
2386,352.27,236.09,False,False,4,0,14,0
2387,1459.0,973.84,False,False,4,0,19,0
2388,607.16,268.67,True,False,15,1,11,1
2389,265.88,744.58,False,False,1,1,17,0
2390,633.63,473.0,False,True,4,3,11,0
2391,919.55,114.0,False,True,1,5,2,1
2392,2177.25,826.25,False,False,1,1,17,0
2393,6810.51,800.48,True,False,8,2,17,1
2394,456.13,368.79,False,False,14,1,2,1
2395,109.19,315.94,False,True,3,1,23,0
2396,1181.41,405.49,False,True,5,0,16,0
2397,1209.95,554.07,True,False,1,0,6,0
2398,2170.01,656.15,False,False,2,0,1,0
2399,113.03,231.39,False,False,1,0,11,0
2400,5505.62,657.2,True,True,5,8,3,1
2401,160.4,84.29,False,False,5,0,21,0
2402,1436.48,663.55,False,True,2,0,21,0
2403,238.29,157.18,False,False,2,1,11,0
2404,248.87,112.39,False,False,7,0,16,0
2405,126.81,113.63,False,False,1,2,23,0
2406,774.44,781.94,False,False,0,2,15,0
2407,280.79,113.21,False,False,2,1,1,0
2408,1779.99,799.26,False,True,7,3,22,1
2409,518.19,260.88,False,False,1,0,14,0
2410,5549.44,969.87,False,False,0,2,9,0
2411,1992.54,850.25,False,False,4,2,20,0
2412,408.97,759.55,False,False,1,0,21,0
2413,88.76,238.5,False,True,0,1,13,0
2414,266.5,330.44,False,True,3,0,19,0
2415,389.62,139.24,False,False,1,0,8,0
2416,1710.24,724.29,False,False,1,0,17,0
2417,257.75,272.8,True,False,1,2,9,0
2418,307.98,410.87,False,False,3,0,7,0
2419,66.81,281.68,True,False,2,0,0,0
2420,344.7,799.16,False,True,3,0,9,0
2421,396.47,79.19,False,False,3,1,19,0
2422,1007.66,922.59,False,False,2,1,8,0
2423,1078.02,432.77,False,False,3,2,17,0
2424,442.02,694.84,False,True,8,0,18,0
2425,201.99,188.94,False,False,5,2,20,0
2426,1032.74,325.59,False,False,1,0,7,0
2427,831.04,758.97,False,False,1,0,8,0
2428,1780.86,669.12,False,False,1,1,11,0
2429,554.19,727.13,True,False,0,0,4,0
2430,58.49,112.67,True,False,4,0,4,0
2431,2724.59,950.94,True,False,6,1,6,0
2432,584.92,268.61,False,False,0,1,22,0
2433,31.65,73.5,False,False,2,0,23,0
2434,446.08,485.92,False,True,1,1,0,0
2435,1450.67,381.41,False,False,5,4,11,1
2436,376.7,637.8,False,False,3,0,12,0
2437,881.42,437.78,False,True,4,0,8,0
2438,278.0,504.78,False,False,1,2,21,0
2439,4540.4,683.43,False,False,3,0,23,0
2440,744.89,453.86,False,True,3,0,7,0
2441,717.11,990.03,False,False,5,0,19,0
2442,1078.32,604.55,True,False,3,0,15,0
2443,227.77,844.15,False,False,2,1,0,0
2444,935.95,922.53,False,True,6,0,23,0
2445,215.78,116.47,False,False,2,1,19,0
2446,658.08,158.44,True,True,5,0,4,1
2447,216.43,306.28,False,False,5,0,6,0
2448,1222.47,660.43,True,True,4,0,4,0
2449,437.19,644.29,False,True,3,0,10,0
2450,678.42,858.43,True,False,2,1,3,0
2451,64.19,68.82,False,False,3,0,23,0
2452,625.88,277.26,False,True,4,0,7,0
2453,2206.5,774.51,False,False,2,1,6,0
2454,442.97,565.61,False,False,2,0,13,0
2455,779.01,457.68,False,False,4,0,13,0
2456,2070.55,797.22,False,False,3,2,18,0
2457,643.63,255.04,False,False,0,0,16,0
2458,103.54,54.35,False,False,3,1,11,0
2459,1758.97,666.39,False,False,3,1,0,0
2460,293.78,800.92,False,True,1,0,5,0
2461,1978.92,237.22,True,False,1,8,3,1
2462,813.95,852.31,False,False,3,0,5,0
2463,718.47,180.82,True,True,7,0,2,1
2464,146.41,225.74,True,True,6,1,13,1
2465,1761.6,702.33,False,False,4,0,0,0
2466,1234.71,277.05,True,True,6,2,3,1
2467,400.66,191.54,False,False,1,0,20,0
2468,274.79,232.82,False,False,1,1,7,0
2469,2265.17,357.97,False,False,2,1,19,0
2470,1416.42,927.62,False,True,2,0,8,0
2471,199.68,183.38,False,False,3,1,18,0
2472,41.07,146.43,False,True,7,0,5,0
2473,800.8,936.26,False,False,0,1,15,0
2474,169.88,464.04,False,False,3,1,9,0
2475,601.68,718.7,False,False,6,0,21,0
2476,3053.1,554.06,False,True,1,0,12,0
2477,240.88,397.95,False,False,1,0,16,0
2478,186.93,493.23,False,False,0,0,7,0
2479,647.14,721.89,False,False,5,0,1,0
2480,1271.95,605.99,True,True,1,0,19,0
2481,483.92,420.34,True,False,4,0,9,0
2482,712.86,129.21,False,False,1,0,23,0
2483,1676.59,797.5,False,False,3,0,19,0
2484,1213.11,469.97,False,False,0,1,2,0
2485,12.95,59.83,False,False,4,0,6,0
2486,885.88,757.54,True,False,2,0,12,0
2487,656.95,95.15,False,False,3,0,7,0
2488,1022.87,737.42,False,True,5,1,19,0
2489,46.13,96.04,False,False,1,0,8,0
2490,1638.79,674.66,False,False,3,0,3,0
2491,606.46,737.48,False,False,2,0,20,0
2492,1130.36,751.37,False,False,3,0,6,0
2493,897.94,172.93,True,True,7,0,18,1
2494,161.52,582.6,False,False,3,0,5,0
2495,302.87,126.88,False,False,4,0,16,0
2496,580.58,498.98,False,True,1,0,3,0
2497,1620.61,700.14,False,False,1,0,17,0
2498,4939.73,755.08,False,True,0,2,11,1
2499,393.66,235.82,False,False,0,1,14,0
2500,2316.72,963.34,False,True,2,1,0,0
2501,3134.64,484.22,True,False,6,3,1,1
2502,1292.5,426.94,True,False,9,3,2,1
2503,524.6,408.25,False,False,0,0,12,0
2504,1537.8,314.39,True,False,7,4,7,1
2505,1713.26,597.82,False,False,6,0,20,0
2506,407.7,414.14,True,False,2,2,8,0
2507,2447.38,479.08,True,True,4,1,0,1
2508,798.38,604.22,True,False,1,0,21,0
2509,838.99,841.0,False,False,0,0,8,0
2510,208.41,154.86,False,False,2,0,8,0
2511,3035.6,896.82,False,False,4,1,12,0
2512,1026.16,437.54,True,False,6,8,18,1
2513,1122.0,616.85,False,False,6,0,11,1
2514,1287.88,705.25,False,False,7,0,1,0
2515,495.79,62.32,False,False,3,0,11,0
2516,68.32,164.51,False,False,1,0,14,0
2517,1756.2,843.05,False,False,2,1,15,0
2518,778.12,908.62,False,False,3,0,13,0
2519,156.07,256.94,False,False,1,0,10,0
2520,5935.76,886.56,False,False,1,0,10,0
2521,107.22,150.98,False,False,1,0,13,0
2522,337.41,142.78,False,False,1,0,1,0
2523,3592.55,783.22,False,True,0,3,14,1
2524,463.1,798.85,False,False,2,1,10,0
2525,1316.1,487.86,False,False,5,0,7,0
2526,188.17,255.0,False,True,3,0,14,0
2527,411.92,721.03,False,True,4,0,21,0
2528,2090.18,847.51,False,False,1,0,5,0
2529,1829.53,567.06,True,True,13,2,0,1
2530,729.22,315.54,True,False,2,0,7,0
2531,3703.47,749.05,False,True,4,0,23,1
2532,665.94,343.48,False,True,1,0,9,0
2533,707.64,358.55,True,False,1,1,7,0
2534,699.09,239.65,True,True,2,0,10,1
2535,757.1,413.12,False,False,1,0,12,0
2536,351.7,138.61,False,False,3,0,4,0
2537,782.55,794.27,False,True,0,0,11,0
2538,484.06,231.75,False,False,1,0,21,0
2539,276.2,907.4,False,False,4,0,22,0
2540,1658.95,946.59,False,False,1,1,2,0
2541,2104.94,771.16,False,False,2,0,20,0
2542,1217.26,872.35,False,False,2,0,8,0
2543,459.11,496.81,False,False,1,0,23,0
2544,264.84,179.56,False,False,3,0,17,0
2545,789.44,461.96,False,False,2,0,5,0
2546,300.54,873.21,False,False,5,0,11,0
2547,656.16,297.67,False,True,2,1,15,0
2548,1112.89,371.77,False,True,6,3,14,1
2549,689.31,892.48,False,False,2,1,23,0
2550,189.17,67.71,False,False,3,1,23,0
2551,87.74,267.86,False,False,1,0,7,0
2552,1951.59,717.86,False,True,6,1,12,0
2553,1227.01,877.73,False,False,4,0,18,0
2554,517.66,286.9,False,False,2,0,15,0
2555,113.44,259.7,False,False,1,0,15,0
2556,874.19,816.19,False,False,13,2,3,1
2557,184.43,547.97,False,False,1,2,11,0
2558,1299.0,696.0,False,False,2,1,8,0
2559,568.03,690.55,False,False,2,1,19,0
2560,883.58,846.29,False,False,5,0,9,0
2561,1018.75,946.04,True,False,5,2,20,0
2562,650.29,521.01,False,False,1,0,15,0
2563,888.69,386.43,False,False,4,2,20,0
2564,121.23,448.9,False,True,4,0,14,0
2565,158.22,383.2,False,False,3,0,6,0
2566,4797.21,661.18,False,False,2,0,12,0
2567,1230.19,736.23,False,False,3,0,10,0
2568,1178.96,871.67,False,False,5,0,0,0
2569,175.31,77.46,True,False,4,0,16,0
2570,290.33,123.91,False,False,2,0,22,0
2571,977.73,892.39,False,False,9,3,14,1
2572,228.77,496.86,False,False,2,0,19,0
2573,1148.35,441.03,False,False,1,0,9,0
2574,469.85,375.94,False,False,1,0,12,0
2575,218.79,221.46,False,True,5,2,3,1
2576,1772.48,641.98,True,True,0,1,17,0
2577,3166.95,510.33,True,True,1,2,21,1
2578,312.05,298.09,False,False,3,0,1,0
2579,530.95,264.63,False,False,2,1,18,0
2580,1432.55,929.39,True,True,1,0,11,0
2581,842.41,387.57,False,False,5,0,21,1
2582,211.31,396.45,False,False,4,1,4,0
2583,2108.23,720.59,False,False,2,0,21,0
2584,1451.78,974.35,False,True,2,2,12,0
2585,1342.0,774.09,False,True,0,0,13,0
2586,435.99,229.62,False,False,1,0,23,0
2587,2183.58,849.12,False,False,1,0,20,0
2588,339.69,330.43,False,False,0,1,11,0
2589,295.16,954.66,True,False,0,0,8,0
2590,852.21,635.81,False,False,3,0,18,0
2591,2172.79,810.21,True,False,7,0,18,0
2592,999.26,864.8,True,False,0,0,8,0
2593,2985.88,973.11,False,True,14,0,4,1
2594,493.01,202.04,False,False,2,0,7,0
2595,695.12,524.26,False,False,3,1,5,0
2596,1584.99,649.86,False,False,0,0,16,0
2597,1139.89,772.06,False,True,0,2,13,0
2598,578.68,634.9,False,False,1,0,15,0
2599,4669.34,731.36,False,False,3,1,21,0
2600,4700.19,815.71,False,False,1,0,14,0
2601,395.7,300.32,False,False,0,0,7,0
2602,1095.47,973.45,False,False,1,0,16,0
2603,280.58,177.81,False,False,3,0,12,0
2604,1819.6,419.89,True,False,1,2,11,1
2605,148.2,58.67,False,False,5,0,5,0
2606,153.26,65.84,False,False,2,1,12,0
2607,1012.79,953.2,False,False,1,1,16,0
2608,865.67,468.47,False,False,2,0,4,0
2609,338.73,260.01,True,False,4,1,21,0
2610,560.18,443.18,False,False,1,1,22,0
2611,2406.25,879.01,False,False,3,0,12,0
2612,147.01,89.65,False,False,3,1,18,0
2613,694.84,527.26,False,False,2,0,15,0
2614,424.49,501.2,False,True,2,1,15,0
2615,390.07,200.71,False,False,6,0,14,0
2616,1166.11,416.48,False,False,1,1,20,0
2617,492.09,367.91,False,True,2,0,8,0
2618,405.42,468.57,False,False,0,2,21,0
2619,258.7,107.97,False,True,3,0,9,0
2620,312.35,316.74,False,False,1,0,17,0
2621,226.07,96.38,False,False,6,1,6,0
2622,836.14,803.95,True,False,1,0,16,0
2623,1261.62,550.63,True,False,1,0,1,0
2624,6691.52,897.87,False,False,3,4,9,0
2625,74.37,95.67,False,False,1,0,9,0
2626,1198.84,829.96,False,False,4,0,0,0
2627,2116.24,951.79,False,False,3,0,20,0
2628,396.59,881.01,False,False,1,2,20,0
2629,62.88,303.65,False,False,0,0,23,0
2630,358.7,941.25,False,False,1,0,8,0
2631,484.59,623.81,True,False,3,0,12,0
2632,1014.3,661.89,False,False,2,0,20,0
2633,923.78,359.84,False,False,15,2,3,1
2634,1758.45,674.38,False,True,1,0,6,0
2635,983.15,949.28,True,False,2,0,6,0
2636,1174.49,952.26,False,True,9,4,12,1
2637,1774.49,827.71,False,True,6,0,17,0
2638,761.62,262.09,False,False,2,0,19,0
2639,1779.82,681.93,False,False,1,0,23,0
2640,1583.11,844.84,False,False,2,0,9,0
2641,854.99,914.45,False,False,2,0,14,0
2642,303.52,335.55,False,False,2,1,20,0
2643,1285.38,514.68,False,False,2,1,6,0
2644,318.36,255.91,False,True,2,0,8,0
2645,1367.74,487.11,False,True,6,3,17,1
2646,235.22,801.05,False,False,1,0,8,0
2647,1749.25,718.45,False,False,3,1,18,0
2648,522.69,693.01,False,False,2,0,21,0
2649,339.29,93.2,False,False,3,2,16,0
2650,312.64,765.62,False,False,5,0,14,0
2651,552.69,265.38,False,False,3,0,7,0
2652,228.12,304.63,False,False,3,0,12,0
2653,959.31,785.47,False,False,0,0,10,0
2654,1538.17,685.92,False,False,3,1,21,0
2655,1002.63,546.94,True,True,1,0,7,0
2656,435.5,674.79,False,False,2,1,9,0
2657,1068.71,819.51,False,False,6,0,16,0
2658,241.27,221.82,False,True,2,1,15,0
2659,877.7,412.94,False,True,2,0,4,1
2660,3696.1,613.46,False,True,1,2,7,1
2661,1957.98,687.22,False,False,1,0,8,0
2662,501.9,470.77,True,True,13,3,17,1
2663,1114.62,495.28,True,False,3,0,12,0
2664,508.37,408.36,False,False,3,0,8,0
2665,230.34,89.71,False,True,1,0,12,0
2666,801.5,891.75,False,False,11,2,19,1
2667,185.02,609.38,False,False,1,0,13,0
2668,1307.8,590.67,False,False,1,0,8,0
2669,336.21,616.37,True,False,2,0,22,0
2670,630.29,421.7,False,False,5,0,17,0
2671,539.48,791.91,False,True,1,0,5,0
2672,520.52,534.54,True,False,5,0,16,0
2673,566.9,768.21,False,False,0,0,15,0
2674,460.69,506.02,False,False,3,0,7,0
2675,566.81,911.98,False,False,2,0,23,0
2676,2412.2,587.95,False,False,2,0,20,0
2677,372.41,232.63,False,False,1,0,17,0
2678,349.2,138.56,False,True,5,1,3,1
2679,373.18,159.54,False,False,3,1,2,0
2680,917.36,358.37,False,False,2,0,7,0
2681,417.7,498.8,False,False,2,1,15,0
2682,924.67,984.45,False,True,0,0,6,0
2683,1597.09,715.86,False,True,0,0,2,0
2684,1218.78,204.09,False,False,2,0,20,0
2685,251.22,161.5,False,False,1,0,16,0
2686,1178.05,488.27,False,False,2,0,5,0
2687,554.03,600.97,False,False,1,0,17,0
2688,1947.8,742.47,False,False,0,0,22,0
2689,1720.12,643.56,False,False,2,0,23,0
2690,687.25,834.14,False,False,3,1,7,0
2691,4149.79,465.91,True,False,7,3,0,1
2692,649.07,968.49,False,False,3,1,1,0
2693,600.03,609.92,True,False,3,0,17,0
2694,2052.8,975.6,True,False,3,0,17,0
2695,106.88,183.55,False,False,4,0,13,0
2696,895.37,891.49,False,False,1,0,21,0
2697,849.09,293.13,False,False,0,0,14,0
2698,612.46,396.91,False,False,2,0,17,0
2699,1500.4,221.4,False,True,4,2,6,1
2700,377.78,138.38,False,False,5,2,9,0
2701,775.13,498.38,False,False,1,1,1,0
2702,404.24,589.01,False,False,3,0,18,0
2703,1253.56,234.96,True,True,1,6,0,1
2704,216.61,513.28,False,True,1,1,7,0
2705,1467.71,514.64,True,False,2,0,7,0
2706,3119.08,893.64,False,True,0,0,17,1
2707,401.94,592.59,True,False,2,0,15,0
2708,411.94,565.71,True,False,2,0,22,0
2709,777.79,558.16,False,False,1,3,9,0
2710,205.46,121.7,False,True,3,0,8,0
2711,1528.71,521.53,False,True,1,0,8,0
2712,234.02,197.0,False,False,6,0,2,0
2713,1579.01,858.45,False,False,1,0,16,0
2714,5913.72,820.03,False,False,0,0,19,0
2715,2448.14,939.5,False,False,5,0,12,0
2716,377.72,200.53,False,False,3,0,20,0
2717,387.74,273.85,False,False,5,0,14,0
2718,1728.0,889.17,False,False,3,1,8,0
2719,462.24,435.8,False,False,3,1,23,0
2720,5358.51,815.78,False,True,2,2,18,1
2721,1154.42,645.16,True,True,3,0,9,0
2722,498.74,209.4,False,True,2,0,12,0
2723,4214.89,619.62,False,False,4,3,15,0
2724,144.91,279.64,False,False,2,2,15,0
2725,2969.51,971.18,True,False,5,1,15,0
2726,2408.46,985.8,False,False,3,1,15,0
2727,1083.61,700.17,False,False,7,0,10,0
2728,814.53,780.69,False,False,1,0,23,0
2729,43.51,86.04,True,False,6,2,3,1
2730,318.42,286.95,False,False,3,0,8,0
2731,1126.76,518.07,True,False,6,1,23,0
2732,500.46,236.63,False,True,1,0,23,0
2733,552.04,801.63,False,False,1,0,21,0
2734,2205.37,260.25,True,True,4,1,1,1
2735,149.44,146.4,False,False,3,0,19,0
2736,309.77,279.64,True,True,1,0,5,0
2737,149.89,135.29,False,True,2,2,6,0
2738,413.51,194.7,False,False,1,0,16,0
2739,734.63,863.06,False,True,2,0,12,0
2740,2036.59,746.12,False,False,3,0,7,0
2741,1882.73,880.76,False,False,2,0,18,0
2742,434.04,214.99,False,False,0,1,18,0
2743,2271.84,859.47,False,False,3,0,5,0
2744,951.67,942.57,True,False,3,0,18,0
2745,1925.45,487.55,False,False,0,2,4,0
2746,513.99,91.92,False,True,0,1,20,1
2747,935.4,548.22,False,False,7,0,12,0
2748,241.2,158.19,False,False,2,0,6,0
2749,820.22,646.32,False,False,2,0,21,0
2750,3393.13,505.21,True,True,9,2,14,1
2751,770.88,650.66,False,False,1,1,22,0
2752,2236.43,780.21,False,False,3,0,13,0
2753,432.64,319.85,False,False,2,0,17,0
2754,288.53,737.06,False,False,5,0,18,0
2755,4061.73,685.39,True,True,1,0,19,1
2756,2957.61,935.4,False,False,1,0,12,0
2757,630.31,718.33,False,True,2,0,10,0
2758,235.42,152.34,False,False,1,0,16,0
2759,665.11,325.57,False,False,8,0,6,0
2760,476.12,606.84,False,False,2,0,14,0
2761,2951.46,422.14,False,False,1,0,4,0
2762,1552.59,262.23,True,True,1,8,13,1
2763,3827.73,992.01,False,False,11,3,4,1
2764,445.36,234.92,False,True,1,1,6,0
2765,348.41,171.03,False,True,6,7,19,1
2766,1178.42,976.81,False,False,3,1,21,0
2767,554.8,207.7,True,True,2,0,8,0
2768,430.16,256.63,False,False,3,0,11,0
2769,688.52,360.07,False,False,4,0,5,0
2770,1420.21,809.28,False,False,2,1,19,0
2771,102.53,122.97,True,False,1,0,17,0
2772,1803.81,649.73,False,False,1,0,0,0
2773,3845.59,481.49,True,False,2,3,17,1
2774,727.74,692.71,False,False,3,0,0,0
2775,288.47,124.57,False,True,4,1,14,0
2776,6474.72,984.11,True,True,2,8,5,1
2777,649.67,477.91,False,False,0,4,8,0
2778,657.6,826.65,True,True,4,0,13,0
2779,250.23,168.89,False,False,1,0,5,0
2780,816.06,864.96,False,False,5,0,1,0
2781,346.87,151.22,False,False,1,0,7,0
2782,974.63,416.04,True,True,4,2,22,1
2783,1259.71,514.46,False,True,0,3,14,1
2784,183.15,139.89,False,False,0,0,17,0
2785,794.56,335.3,False,False,2,0,19,0
2786,3901.99,667.15,True,True,7,3,0,1
2787,782.12,952.2,False,False,1,0,6,0
2788,60.26,148.1,True,False,2,0,4,0
2789,2517.94,925.82,True,False,5,2,18,1
2790,546.41,266.08,False,False,2,1,10,0
2791,2074.49,986.36,False,False,2,2,6,0
2792,500.06,710.0,False,False,1,0,20,0
2793,711.97,483.54,False,False,3,0,21,0
2794,551.75,736.64,False,False,1,0,12,0
2795,484.27,195.76,False,False,1,0,12,0
2796,563.84,240.72,False,False,5,0,22,0
2797,551.37,503.81,False,True,3,0,17,0
2798,1712.65,608.08,False,False,1,0,19,0
2799,3687.45,941.74,False,True,5,1,12,1
2800,518.34,175.7,False,False,2,1,16,0
2801,220.52,624.12,True,False,2,0,0,0
2802,1901.64,806.46,True,False,2,0,19,0
2803,696.18,295.03,False,False,1,0,6,0
2804,1352.27,578.24,False,False,7,1,22,0
2805,1416.75,504.17,True,False,1,0,19,0
2806,734.33,282.76,False,False,3,0,7,0
2807,327.39,553.79,False,False,2,3,8,0
2808,322.13,109.97,False,True,1,0,18,0
2809,1247.02,452.38,False,True,4,0,1,0
2810,1740.62,792.47,False,False,7,0,9,0
2811,961.54,653.31,True,False,3,0,23,0
2812,933.37,867.07,False,False,1,0,12,0
2813,1648.21,759.64,False,False,4,1,1,0
2814,2973.2,454.78,True,False,2,1,16,0
2815,1596.6,676.93,False,False,1,0,6,0
2816,242.99,388.51,False,False,2,0,18,0
2817,1645.98,738.25,False,False,2,0,10,0
2818,675.58,377.47,False,False,3,3,11,0
2819,712.04,391.05,False,True,6,1,19,0
2820,835.84,131.07,False,False,2,0,9,0
2821,1107.34,423.3,True,True,6,0,11,0
2822,977.82,806.66,False,True,6,0,10,0
2823,1622.62,994.51,False,False,4,1,3,0
2824,371.54,545.62,False,False,7,1,16,0
2825,19.93,52.54,False,True,1,0,7,0
2826,1574.5,730.65,False,False,2,0,15,0
2827,34.38,136.81,False,True,2,0,13,0
2828,134.87,172.38,True,False,0,0,15,0
2829,875.63,758.53,False,True,9,1,13,1
2830,875.2,484.05,False,False,1,2,4,0
2831,1034.84,444.77,False,True,6,3,20,1
2832,885.64,340.27,False,False,1,2,18,0
2833,3865.49,601.27,False,False,1,0,8,0
2834,453.41,334.36,False,False,2,0,5,0
2835,165.23,67.25,False,False,2,1,8,0
2836,132.28,204.31,False,True,3,3,15,0
2837,1149.77,570.84,False,False,5,1,14,0
2838,994.35,434.36,False,False,0,0,15,0
2839,1751.84,826.22,False,False,3,0,6,0
2840,1815.69,984.02,False,True,5,0,21,0
2841,1316.09,771.27,False,True,4,1,1,1
2842,1686.49,717.39,False,False,4,0,16,0
2843,884.57,470.81,False,True,3,1,22,0
2844,1091.8,723.21,False,False,1,1,7,0
2845,136.34,50.53,False,False,2,2,8,0
2846,479.04,676.33,False,False,3,0,5,0
2847,496.98,235.97,True,False,3,1,12,0
2848,2654.97,988.97,False,True,3,3,9,1
2849,1400.31,651.73,False,False,4,0,20,0
2850,2371.43,887.83,False,False,3,2,21,0
2851,1571.37,669.36,False,False,2,0,4,0
2852,267.82,53.87,True,False,5,5,2,1
2853,997.01,344.22,False,False,4,1,15,0
2854,683.38,270.65,False,True,2,2,12,0
2855,1860.64,669.65,False,False,3,1,19,0
2856,1007.63,718.84,False,False,2,0,15,0
2857,1243.08,986.91,False,False,1,0,1,0
2858,311.65,470.71,False,False,11,0,11,1
2859,117.14,74.26,False,False,1,0,21,0
2860,84.67,62.97,False,False,6,0,10,0
2861,2177.29,776.73,False,False,1,0,15,0
2862,299.66,320.51,False,False,6,0,7,0
2863,235.53,802.6,False,False,2,0,6,0
2864,682.72,191.36,False,False,7,0,16,0
2865,413.77,809.35,False,False,1,0,9,0
2866,1909.0,745.8,False,False,2,2,9,0
2867,1234.1,563.97,True,False,1,0,5,0
2868,1139.21,402.43,False,True,6,0,5,0
2869,1254.41,512.92,False,False,1,0,11,0
2870,1555.02,620.58,True,False,3,1,17,0
2871,2808.55,983.9,False,False,0,2,6,0
2872,107.71,405.8,True,False,0,0,5,0
2873,57.1,113.78,True,False,4,0,19,0
2874,261.27,501.84,False,True,3,0,12,0
2875,1485.75,653.43,False,False,4,0,15,0
2876,1405.15,506.36,True,True,2,1,19,0
2877,111.01,315.74,False,False,2,0,10,0
2878,3717.07,936.86,False,False,4,1,0,0
2879,365.72,209.04,False,False,3,0,9,0
2880,787.99,307.21,False,False,0,0,13,0
2881,1765.44,710.04,False,False,1,0,20,0
2882,1308.18,910.83,False,False,1,0,6,0
2883,216.5,132.09,False,False,1,0,6,0
2884,109.6,179.51,False,False,3,1,19,0
2885,542.0,374.52,False,True,5,3,17,1
2886,128.02,60.05,False,False,1,0,16,0
2887,137.46,187.13,False,True,3,0,16,0
2888,175.11,404.43,False,True,2,0,13,0
2889,3556.86,546.18,False,False,3,0,8,0
2890,42.82,87.44,False,False,1,0,22,0
2891,1094.58,745.41,False,False,2,0,7,0
2892,3462.64,930.05,True,False,6,3,16,1
2893,280.59,217.78,True,True,7,1,12,1
2894,1948.71,636.88,False,False,5,0,20,0
2895,1003.7,487.68,False,False,4,0,19,0
2896,341.36,291.68,False,False,3,1,10,0
2897,216.82,129.21,False,True,4,0,16,1
2898,2625.37,903.17,False,False,4,8,17,1
2899,1137.05,782.87,False,False,5,1,4,0
2900,1266.4,521.58,False,False,4,0,17,0
2901,239.1,124.9,False,False,4,0,14,0
2902,651.15,690.15,True,False,2,0,12,0
2903,493.49,975.31,False,True,6,2,7,0
2904,780.37,287.77,False,False,3,0,7,0
2905,1336.86,835.42,False,False,2,0,22,0
2906,1683.46,771.39,False,True,6,8,9,1
2907,3676.34,858.98,True,True,7,0,9,1
2908,1306.69,861.17,False,False,2,0,14,0
2909,140.0,285.51,False,False,3,3,7,0
2910,142.13,124.6,True,False,4,0,18,0
2911,2623.62,945.6,False,False,2,0,20,0
2912,841.8,314.84,False,False,1,0,9,0
2913,479.62,602.18,False,False,3,2,19,0
2914,1812.44,991.49,False,False,2,0,13,0
2915,849.36,551.59,False,False,3,0,7,0
2916,255.16,439.11,False,False,4,0,19,0
2917,552.58,447.94,True,True,8,0,9,1
2918,417.68,477.04,True,False,6,0,20,0
2919,398.5,443.16,True,False,10,3,0,1
2920,117.98,149.88,False,False,4,0,6,0
2921,1189.02,445.39,False,False,1,0,18,0
2922,6439.47,841.71,False,False,3,0,10,0
2923,772.47,547.15,True,False,4,0,21,0
2924,138.26,216.82,False,False,1,1,6,0
2925,459.29,686.36,False,False,5,0,10,0
2926,1477.51,201.37,False,False,7,0,20,0
2927,388.66,179.37,False,False,1,0,5,0
2928,529.3,192.07,False,False,1,2,5,0
2929,560.52,682.55,False,False,4,1,16,0
2930,277.54,375.02,False,False,4,0,6,0
2931,1523.39,364.06,False,True,0,1,12,1
2932,1194.61,685.73,False,False,5,0,13,0
2933,2701.67,740.48,True,False,9,4,19,1
2934,1004.45,983.91,True,False,2,1,4,0
2935,2094.73,795.13,False,False,4,3,5,0
2936,2704.74,967.08,False,False,2,0,10,0
2937,116.28,117.03,False,False,2,0,3,0
2938,785.02,277.19,False,False,4,2,6,0
2939,80.44,72.83,True,True,3,0,23,0
2940,2018.8,709.12,False,False,2,0,18,0
2941,174.63,100.67,False,True,3,2,11,0
2942,351.92,316.19,False,True,3,0,19,0
2943,1127.25,352.83,False,True,7,2,20,1
2944,1103.3,376.1,True,False,5,0,9,0
2945,676.62,649.96,False,False,4,1,16,0
2946,1825.79,705.19,False,True,5,2,21,0
2947,214.47,525.59,False,True,0,0,14,0
2948,417.06,405.55,False,False,0,1,17,0
2949,241.45,887.62,False,False,1,0,16,0
2950,127.73,279.87,False,False,4,0,10,0
2951,1009.49,998.73,False,False,2,0,7,0
2952,2288.2,906.12,False,False,1,0,14,0
2953,225.99,504.53,False,False,5,0,7,0
2954,1468.25,614.63,False,False,6,3,21,0
2955,939.91,499.34,False,False,1,0,7,0
2956,145.49,277.26,True,True,1,0,11,0
2957,4424.36,994.24,False,False,1,0,22,0
2958,2703.79,551.88,False,False,1,0,23,0
2959,175.17,84.3,False,False,2,1,19,0
2960,710.89,271.83,False,True,1,2,7,0
2961,105.89,130.82,False,False,3,1,20,0
2962,182.35,355.01,False,False,0,1,13,0
2963,190.0,458.36,False,False,2,0,19,0
2964,1872.36,718.19,False,False,4,1,17,0
2965,1595.25,236.05,False,True,0,2,19,1
2966,2263.12,972.49,False,False,3,0,19,0
2967,506.45,378.1,False,False,11,3,12,1
2968,146.04,180.08,False,True,1,0,5,0
2969,230.76,601.0,False,False,1,0,5,0
2970,1037.15,435.91,False,False,2,0,10,0
2971,940.65,368.3,False,True,4,0,9,0
2972,554.66,572.89,False,False,1,1,18,0
2973,1597.46,965.66,False,False,2,0,22,0
2974,602.24,235.68,False,False,2,0,18,0
2975,545.95,395.89,False,False,3,2,17,0
2976,1028.18,778.39,True,False,5,0,6,0
2977,638.76,390.43,True,False,1,0,22,0
2978,2292.23,346.03,False,True,9,7,2,1
2979,99.39,79.5,True,False,2,1,15,0
2980,767.04,649.06,False,False,2,0,13,0
2981,2815.72,945.93,False,True,1,0,13,0
2982,898.13,349.02,False,False,2,0,7,0
2983,3757.16,957.52,True,False,8,4,23,1
2984,144.91,303.7,False,False,2,1,21,0
2985,141.74,399.27,False,False,3,0,11,0
2986,346.91,791.85,False,False,0,0,13,0
2987,669.08,765.94,False,False,2,0,20,0
2988,56.21,82.23,False,False,3,0,8,0
2989,203.12,222.18,False,False,2,0,20,0
2990,1011.65,713.26,False,True,0,0,7,0
2991,707.31,474.49,False,False,3,0,8,0
2992,1818.88,726.02,False,False,2,0,6,0
2993,2050.2,472.71,False,True,4,2,7,1
2994,734.41,277.44,False,False,1,0,14,0
2995,1938.22,720.33,False,False,3,1,22,0
2996,428.83,252.6,False,False,2,0,8,0
2997,256.78,95.86,False,False,6,0,15,0
2998,512.72,173.4,False,False,6,2,21,0
2999,884.95,313.72,False,False,1,0,3,0
3000,1201.02,412.73,False,False,1,1,14,0
3001,1223.55,779.07,False,False,3,2,15,0
3002,500.7,225.49,False,False,3,3,5,0
3003,3528.85,582.3,True,True,2,3,4,1
3004,380.97,573.07,False,False,0,0,5,0
3005,1175.62,458.86,False,False,2,4,18,0
3006,442.08,770.08,True,False,4,0,20,0
3007,2629.21,769.16,True,True,8,3,6,1
3008,1487.92,536.51,False,False,4,0,20,0
3009,1446.77,804.75,False,False,1,0,18,0
3010,456.71,339.25,False,False,1,1,13,0
3011,593.52,425.22,False,False,0,0,8,0
3012,1102.16,606.68,True,False,0,0,9,0
3013,1945.06,465.59,False,True,4,3,17,1
3014,2606.97,908.83,False,False,1,0,6,0
3015,450.35,488.37,False,False,1,0,9,0
3016,474.64,308.17,False,False,2,0,23,0
3017,277.73,108.76,False,False,5,0,11,0
3018,426.67,462.75,False,False,3,0,21,0
3019,474.16,182.82,False,False,1,1,6,0
3020,628.93,267.96,False,False,0,0,11,0
3021,1305.24,901.31,False,False,5,0,22,0
3022,661.77,538.91,False,False,1,0,5,0
3023,430.23,258.16,False,False,3,0,18,0
3024,3283.51,416.36,False,False,4,0,9,0
3025,1182.26,514.99,True,False,7,3,2,1
3026,142.09,188.2,False,False,2,0,13,0
3027,140.48,176.15,False,True,3,0,21,0
3028,862.03,693.83,False,True,2,1,18,0
3029,1702.08,807.97,False,True,0,0,21,0
3030,4284.17,687.54,False,False,2,0,23,0
3031,981.01,555.3,False,False,5,0,10,0
3032,542.03,863.69,False,False,2,2,11,0
3033,1864.89,986.5,False,False,1,0,15,0
3034,765.76,321.7,False,False,2,0,6,0
3035,3208.18,859.56,False,False,1,0,10,0
3036,325.72,421.0,False,False,6,0,19,0
3037,352.63,253.14,False,False,2,0,4,0
3038,112.66,426.51,False,False,3,0,19,0
3039,1237.39,579.74,False,False,3,0,20,0
3040,1550.68,805.21,True,False,0,0,16,0
3041,2761.23,581.27,False,False,1,0,14,0
3042,1499.66,519.07,False,False,2,0,15,0
3043,4408.23,946.22,False,False,0,0,14,0
3044,1309.0,470.42,False,False,2,0,6,0
3045,346.53,433.11,True,True,1,0,4,0
3046,1089.43,837.26,False,False,1,0,12,0
3047,383.65,551.97,True,False,3,0,21,0
3048,43.16,54.85,False,False,1,0,23,0
3049,360.83,251.34,False,False,2,0,18,0
3050,276.61,218.55,False,True,6,2,22,1
3051,1569.12,724.65,False,False,0,1,15,0
3052,147.68,260.53,False,False,3,0,21,0
3053,207.62,761.75,False,False,2,1,0,0
3054,5294.86,862.79,True,True,5,0,7,1
3055,329.05,627.21,False,False,3,0,8,0
3056,1280.64,688.25,False,False,2,0,20,0
3057,352.21,57.4,True,True,4,3,22,1
3058,2840.68,956.51,True,False,3,0,23,0
3059,3266.83,822.14,False,True,1,0,13,0
3060,480.23,99.55,True,False,8,8,4,1
3061,337.37,196.77,False,True,3,1,18,0
3062,1521.61,753.62,False,False,2,1,18,0
3063,365.79,690.09,False,False,0,0,9,0
3064,1920.66,724.93,False,False,1,0,23,0
3065,1181.13,532.57,False,False,1,0,15,0
3066,1248.6,577.22,False,False,4,1,8,0
3067,1262.72,434.33,False,False,0,0,1,0
3068,133.46,55.59,False,False,5,1,18,0
3069,1886.17,882.62,False,True,0,1,13,0
3070,952.69,359.4,True,False,2,1,21,0
3071,3174.01,836.31,True,True,14,4,4,1
3072,1865.95,918.82,False,True,7,0,5,0
3073,1169.9,391.13,False,False,1,0,22,0
3074,191.64,435.92,False,False,0,0,14,0
3075,299.16,548.21,False,False,2,0,5,0
3076,446.2,793.2,False,False,0,1,22,0
3077,107.54,57.48,False,False,2,0,18,0
3078,118.0,93.67,False,False,4,0,16,0
3079,231.34,522.38,False,False,1,2,15,0
3080,2358.36,420.76,False,False,3,0,19,0
3081,453.16,393.87,False,False,5,1,7,0
3082,452.04,163.08,True,False,4,0,12,0
3083,161.59,739.32,True,True,4,0,12,0
3084,1731.18,803.19,False,False,0,2,20,0
3085,785.97,301.98,False,False,4,0,9,0
3086,159.35,338.55,True,False,1,0,23,0
3087,1455.53,906.14,False,False,4,0,14,0
3088,724.46,437.98,False,False,4,0,20,0
3089,372.57,318.13,False,False,3,0,9,0
3090,1503.37,769.34,False,False,1,0,8,0
3091,1386.48,492.64,False,False,10,0,13,1
3092,194.33,268.88,False,True,7,0,17,0
3093,1238.73,723.16,False,False,3,1,9,0
3094,787.46,499.01,False,True,7,6,8,1
3095,426.66,762.56,False,True,4,1,13,0
3096,2129.69,300.16,True,False,1,0,17,0
3097,369.28,384.9,False,True,4,1,8,0
3098,347.18,394.3,False,False,2,0,19,0
3099,515.05,73.89,True,True,5,5,20,1
3100,1799.01,725.87,False,False,3,0,20,0
3101,283.31,101.0,False,True,2,0,11,0
3102,545.34,978.75,False,False,0,2,10,0
3103,251.42,267.66,True,False,0,0,14,0
3104,1477.94,884.46,False,False,1,0,13,0
3105,222.1,67.1,False,False,5,3,3,1
3106,2178.18,731.2,False,True,6,1,9,0
3107,2175.86,837.54,False,False,1,0,19,0
3108,559.83,298.36,False,True,1,1,18,0
3109,3403.5,679.14,False,False,5,0,8,0
3110,224.75,289.76,False,False,1,1,8,0
3111,1643.69,674.93,False,True,1,0,12,0
3112,1522.6,698.1,False,False,5,1,21,0
3113,1093.04,704.83,True,True,13,2,13,1
3114,1483.97,641.53,False,False,4,0,15,0
3115,305.21,218.4,False,False,2,0,7,0
3116,723.17,786.78,False,False,1,1,22,0
3117,1944.79,809.47,False,False,3,0,17,0
3118,1528.62,872.59,True,False,6,5,0,1
3119,655.09,224.26,False,True,0,4,7,0
3120,1171.5,739.82,False,True,4,3,5,1
3121,1222.16,647.4,False,False,5,0,5,0
3122,944.24,632.44,False,False,7,0,6,0
3123,1091.21,773.59,False,True,2,1,19,0
3124,1745.49,901.01,False,False,3,0,19,0
3125,300.13,199.11,True,False,1,0,19,0
3126,550.61,245.32,False,True,6,0,21,0
3127,973.54,559.24,False,True,3,0,11,0
3128,810.31,525.91,False,False,2,1,11,0
3129,699.6,440.19,False,False,2,1,16,0
3130,1847.96,818.05,False,False,2,0,13,0
3131,1936.91,757.35,False,False,4,2,6,0
3132,835.39,173.22,False,True,3,0,21,0
3133,679.48,349.08,False,True,2,1,6,0
3134,2106.86,507.94,False,False,2,0,8,0
3135,1411.01,620.79,True,False,4,0,11,0
3136,1238.81,812.78,True,True,3,1,13,1
3137,2331.7,348.51,False,False,1,0,18,0
3138,1351.98,896.31,False,False,7,1,18,0
3139,817.16,285.26,False,False,4,0,15,0
3140,1842.45,793.43,False,False,0,0,20,0
3141,1073.43,508.79,False,True,1,0,19,0
3142,488.91,652.16,False,False,2,0,15,0
3143,1916.84,672.54,False,False,1,2,10,0
3144,505.72,226.44,False,False,2,0,22,0
3145,116.36,163.76,False,False,0,0,11,0
3146,537.28,290.88,False,False,1,1,12,0
3147,1066.52,938.42,False,False,0,0,17,0
3148,984.95,395.2,False,False,6,0,14,0
3149,557.84,744.21,True,False,4,0,15,0
3150,3143.59,705.59,False,True,1,0,0,0
3151,510.44,576.38,False,False,7,0,18,0
3152,873.18,543.29,False,False,1,0,23,0
3153,266.19,996.69,False,False,0,0,5,0
3154,1612.27,833.61,False,True,2,0,6,0
3155,1217.59,626.7,False,False,6,1,12,0
3156,2814.62,966.11,False,True,2,0,13,0
3157,1793.59,849.51,False,True,1,1,16,0
3158,123.22,580.5,False,False,3,0,17,0
3159,177.26,170.0,False,False,0,0,16,0
3160,893.68,323.49,False,False,2,0,21,0
3161,216.49,192.84,False,False,4,0,10,0
3162,1423.46,866.58,False,False,4,0,8,0
3163,453.17,225.43,False,False,4,0,2,0
3164,153.98,281.49,False,False,4,0,21,0
3165,35.81,148.15,False,False,2,0,15,0
3166,489.36,534.9,False,False,1,0,18,0
3167,740.42,393.06,False,False,2,0,6,0
3168,1053.44,726.22,False,False,3,0,20,0
3169,592.63,595.7,False,True,2,0,23,0
3170,550.06,285.9,True,True,1,0,14,0
3171,470.92,345.01,False,False,4,0,11,0
3172,959.83,373.87,True,False,2,0,1,0
3173,1036.3,459.38,True,False,4,2,20,0
3174,1248.34,508.54,False,False,6,0,8,0
3175,332.39,932.44,False,False,2,1,15,0
3176,286.45,395.35,False,False,6,0,20,0
3177,1409.98,867.61,False,False,2,0,23,0
3178,257.48,527.6,True,False,10,2,22,1
3179,365.64,200.74,False,False,2,1,12,0
3180,1140.8,684.82,False,False,7,0,5,0
3181,190.86,81.74,False,True,1,1,10,0
3182,70.28,96.06,False,False,1,0,23,0
3183,2537.44,914.16,True,False,12,4,0,1
3184,629.95,634.19,False,False,3,0,17,0
3185,2177.3,887.87,False,False,1,0,10,0
3186,425.25,434.52,False,False,1,0,22,0
3187,1110.03,700.01,False,False,2,1,7,0
3188,1483.81,572.18,False,False,1,0,14,0
3189,237.93,294.38,False,False,1,0,18,0
3190,658.58,670.91,False,False,4,0,4,0
3191,2342.48,814.94,False,False,8,0,8,0
3192,1017.63,560.89,False,False,3,0,9,0
3193,1588.93,582.18,False,False,2,0,17,0
3194,175.27,111.11,False,False,2,0,6,0
3195,1019.76,797.86,False,False,3,0,16,0
3196,1021.31,487.36,True,False,0,1,20,0
3197,561.77,298.08,False,False,1,0,8,0
3198,418.1,462.67,False,True,1,0,18,0
3199,595.32,483.12,True,False,3,0,16,0
3200,907.09,674.53,False,False,1,1,22,0
3201,2489.53,299.96,False,False,9,8,18,1
3202,508.84,244.57,False,True,1,0,5,0
3203,1492.53,924.09,False,False,2,0,7,0
3204,776.44,382.09,False,False,4,0,5,0
3205,686.84,176.07,False,False,6,1,21,0
3206,20.12,92.51,False,False,3,0,18,0
3207,5033.5,615.57,False,True,9,8,1,1
3208,134.57,154.72,False,True,1,0,12,0
3209,261.2,220.63,False,True,1,0,16,0
3210,64.06,71.06,False,False,2,2,12,0
3211,541.04,897.06,False,True,0,2,18,0
3212,97.99,89.59,False,False,7,0,17,0
3213,495.89,703.75,False,False,1,1,12,0
3214,3642.64,871.79,False,True,1,3,6,1
3215,1572.74,602.6,False,False,1,0,18,0
3216,1681.66,794.92,False,False,1,0,0,0
3217,808.57,339.54,True,False,1,0,12,0
3218,97.29,445.82,False,False,3,0,6,0
3219,1422.88,828.65,False,True,7,3,1,1
3220,634.79,489.3,True,False,10,4,1,1
3221,1648.31,924.4,False,False,4,0,8,0
3222,745.41,624.87,True,False,1,0,5,0
3223,548.07,115.73,False,False,0,0,11,0
3224,529.86,667.94,False,False,2,0,13,0
3225,200.99,91.0,False,False,4,1,15,0
3226,243.12,934.83,False,False,2,0,17,0
3227,124.35,61.73,False,False,3,0,10,0
3228,1949.15,772.08,False,False,4,0,21,0
3229,204.95,68.97,False,False,2,0,23,0
3230,230.32,593.18,False,True,1,0,10,0
3231,781.9,377.49,False,False,4,1,7,0
3232,779.8,609.24,False,False,1,0,17,0
3233,58.83,76.76,False,False,2,1,23,0
3234,476.63,191.83,False,False,2,0,23,0
3235,1526.51,679.75,False,False,2,0,18,0
3236,504.96,302.4,False,False,2,0,20,0
3237,880.66,299.03,False,False,2,3,15,0
3238,424.88,341.55,False,False,3,0,6,0
3239,3092.04,631.05,False,False,1,0,23,0
3240,1090.81,449.22,True,True,5,1,12,1
3241,554.22,504.47,False,True,4,1,12,0
3242,1813.14,850.95,True,False,1,0,20,0
3243,210.06,158.05,False,False,1,0,23,0
3244,663.79,810.61,False,False,2,2,1,0
3245,802.43,313.06,False,False,3,0,20,0
3246,1175.47,791.93,False,False,3,0,11,0
3247,207.09,527.76,False,False,4,0,10,0
3248,2114.91,308.09,True,False,6,8,18,1
3249,1145.37,631.22,False,False,4,0,4,0
3250,833.11,358.29,False,False,3,0,6,0
3251,296.94,114.09,False,False,1,0,23,0
3252,6708.36,924.78,False,False,4,0,8,0
3253,387.26,197.84,False,False,6,0,21,0
3254,272.93,123.69,True,False,2,0,18,0
3255,1194.97,936.37,False,False,5,0,5,0
3256,1114.42,963.44,False,False,3,0,23,0
3257,1187.15,515.68,False,False,1,0,4,0
3258,1782.81,841.54,False,True,0,1,21,0
3259,367.77,123.14,False,False,1,0,7,0
3260,51.19,50.43,True,False,0,0,15,0
3261,1532.37,681.23,False,False,1,0,16,0
3262,181.79,61.72,False,False,1,0,15,0
3263,966.13,467.28,False,False,2,1,14,0
3264,553.69,211.67,False,True,1,0,13,0
3265,750.05,325.68,False,False,2,1,23,0
3266,223.36,164.95,False,False,4,1,3,0
3267,682.06,90.81,False,False,2,3,21,0
3268,161.28,395.79,False,False,5,0,17,0
3269,1961.17,684.62,False,False,1,0,15,0
3270,390.45,192.06,False,True,0,0,8,0
3271,568.0,837.38,False,False,2,2,9,0
3272,669.91,740.2,False,False,4,0,10,0
3273,1550.69,182.47,False,False,3,4,3,1
3274,232.86,822.87,False,False,3,0,23,0
3275,1410.86,518.82,False,False,1,3,20,0
3276,1108.94,177.39,False,False,3,0,6,0
3277,2587.76,401.85,False,False,3,0,14,0
3278,793.13,814.11,False,False,0,1,22,0
3279,739.68,247.0,False,False,3,1,15,0
3280,634.44,258.55,False,False,2,2,10,0
3281,800.08,486.45,False,False,5,0,12,0
3282,777.65,918.38,False,False,2,0,18,0
3283,1240.67,613.51,False,False,2,0,3,0
3284,5380.32,996.83,True,False,5,2,23,0
3285,1918.79,802.75,False,False,3,0,12,0
3286,110.9,60.91,True,False,1,0,10,0
3287,194.01,402.25,False,False,3,1,16,0
3288,1282.96,602.74,True,False,5,0,20,0
3289,396.37,151.89,False,False,3,1,2,0
3290,460.02,289.22,False,True,1,0,20,0
3291,2304.39,797.5,True,False,5,1,22,0
3292,744.76,540.16,False,True,3,2,14,1
3293,827.42,754.64,False,False,0,0,23,0
3294,1913.78,769.55,True,False,4,0,8,0
3295,651.24,996.5,False,False,3,0,13,0
3296,209.92,75.03,True,False,1,0,16,0
3297,389.24,693.63,False,False,3,0,6,0
3298,414.87,298.7,False,False,3,0,7,0
3299,1729.28,626.25,True,False,6,0,20,0
3300,415.64,738.02,True,False,4,1,17,0
3301,102.1,61.39,True,True,5,3,9,1
3302,3230.37,498.74,True,True,6,7,19,1
3303,312.3,130.83,False,False,2,1,22,0
3304,847.4,576.04,False,False,5,1,20,0
3305,232.77,122.63,True,False,1,0,10,0
3306,696.42,531.34,True,False,6,6,18,1
3307,1850.72,818.06,False,False,1,0,5,0
3308,2323.1,975.76,False,True,3,1,20,0
3309,1464.57,534.5,True,False,3,0,9,0
3310,4170.46,905.5,False,True,7,0,15,1
3311,1020.96,946.0,False,False,1,0,7,0
3312,232.97,237.36,True,False,2,0,12,0
3313,782.87,303.63,False,False,2,0,19,0
3314,1543.17,528.17,False,False,3,1,8,0
3315,549.92,79.72,False,True,1,1,20,0
3316,78.72,114.65,False,False,2,0,13,0
3317,3525.67,893.34,False,False,6,4,13,1
3318,481.0,461.73,False,False,3,0,7,0
3319,325.53,64.89,True,True,4,3,0,1
3320,1565.19,676.63,False,True,4,0,23,0
3321,808.72,881.12,False,False,3,0,1,0
3322,284.52,146.05,False,False,2,0,23,0
3323,827.89,493.76,True,False,1,0,14,0
3324,793.27,285.09,False,False,0,1,16,0
3325,235.06,902.66,False,False,2,0,16,0
3326,227.87,815.76,False,False,3,0,7,0
3327,278.37,688.17,False,True,0,0,5,0
3328,268.27,76.38,False,False,1,1,9,0
3329,645.14,978.88,False,False,2,3,16,0
3330,631.85,582.51,False,True,2,2,23,0
3331,468.76,345.53,False,False,4,0,15,0
3332,435.38,196.51,False,True,1,1,14,0
3333,166.88,223.82,False,False,4,0,15,0
3334,242.83,212.83,False,False,0,0,7,0
3335,1299.7,888.39,False,False,4,0,10,0
3336,1110.63,716.17,False,False,2,0,6,0
3337,1646.3,318.2,False,False,2,0,18,0
3338,1854.46,754.63,False,False,2,1,22,0
3339,1640.74,669.01,True,True,1,1,19,0
3340,467.72,392.44,False,False,0,0,12,0
3341,186.75,650.62,False,False,1,0,8,0
3342,432.65,331.82,True,True,0,1,23,0
3343,1944.12,690.29,False,False,1,0,12,0
3344,2191.0,797.04,False,False,1,1,16,0
3345,625.8,386.34,True,False,1,0,14,0
3346,1244.51,870.01,True,False,4,2,5,0
3347,1620.56,619.72,False,False,1,0,5,0
3348,2078.48,312.93,False,False,0,0,21,0
3349,633.48,166.63,False,False,3,3,2,1
3350,899.52,371.58,False,False,6,0,18,0
3351,1569.36,804.86,False,False,5,0,19,0
3352,1321.82,798.16,False,False,3,0,16,0
3353,61.84,61.32,False,True,4,1,13,1
3354,1891.36,712.06,False,False,4,1,20,0
3355,2261.2,907.47,False,True,0,1,3,1
3356,826.44,682.0,False,False,1,0,12,0
3357,1204.13,173.67,False,True,1,2,6,1
3358,1145.53,778.83,False,False,3,1,1,0
3359,2405.81,730.37,False,True,3,0,8,0
3360,999.79,853.01,False,False,3,0,9,0
3361,235.69,121.62,False,False,3,2,16,0
3362,480.33,640.0,False,False,2,1,14,0
3363,3821.64,491.61,False,True,1,0,22,0
3364,1593.02,667.14,False,False,1,4,23,0
3365,2062.38,338.48,False,True,1,0,17,0
3366,251.84,219.08,False,True,3,0,12,0
3367,846.12,306.87,False,False,5,0,17,0
3368,615.94,233.71,False,False,1,1,17,0
3369,2623.8,970.22,False,False,2,0,16,0
3370,1366.45,474.19,True,False,4,0,18,0
3371,118.05,137.07,False,False,5,0,7,0
3372,806.46,314.8,False,False,3,0,13,0
3373,237.78,987.24,False,False,2,0,7,0
3374,2032.19,846.1,False,False,3,0,12,0
3375,2727.74,951.12,False,False,1,0,10,0
3376,54.1,196.58,False,False,2,0,8,0
3377,213.07,184.77,False,True,2,1,15,0
3378,1665.42,820.64,True,False,0,2,12,0
3379,239.47,435.38,False,False,5,0,19,0
3380,225.34,812.57,False,True,0,0,8,0
3381,1153.96,797.82,False,False,3,0,20,0
3382,1152.89,897.15,False,False,3,1,21,0
3383,204.95,485.51,False,False,2,0,2,0
3384,568.87,405.92,False,False,2,0,1,0
3385,148.67,393.47,True,False,2,0,13,0
3386,124.17,213.42,False,False,2,1,10,0
3387,3103.66,585.03,False,False,6,0,2,0
3388,406.73,295.64,False,False,2,1,19,0
3389,1881.11,410.88,False,False,2,1,14,0
3390,1610.87,670.26,False,False,4,2,18,0
3391,1131.64,868.26,False,True,2,1,9,0
3392,964.94,345.31,True,False,1,0,21,0
3393,349.43,580.4,False,False,1,0,4,0
3394,59.91,88.56,False,False,3,0,13,0
3395,755.32,410.91,False,False,3,0,0,1
3396,221.05,102.83,False,False,1,1,8,0
3397,1680.25,810.92,False,False,2,0,16,0
3398,422.44,325.07,False,False,2,0,19,0
3399,1545.55,547.12,False,False,1,0,7,0
3400,1039.97,361.77,False,False,4,0,22,0
3401,1362.64,596.41,False,False,2,0,17,0
3402,1628.07,707.88,False,False,5,0,18,0
3403,740.49,341.19,False,False,4,0,9,0
3404,1351.4,867.01,False,False,2,1,6,0
3405,5515.01,883.84,False,False,2,1,15,1
3406,1917.59,754.15,False,False,2,0,16,0
3407,1612.77,593.52,False,False,4,1,18,0
3408,220.47,192.98,False,False,1,0,6,0
3409,411.92,323.55,False,False,0,0,20,0
3410,1587.23,947.18,False,False,5,0,21,0
3411,1198.57,765.37,False,False,3,0,10,0
3412,2301.71,862.22,False,False,1,0,11,0
3413,4326.61,911.93,True,False,4,6,12,1
3414,264.18,172.76,False,False,2,0,19,0
3415,445.6,389.12,False,False,1,2,17,0
3416,134.19,150.47,False,False,3,0,19,0
3417,981.96,840.66,False,True,5,1,12,0
3418,1205.35,464.83,False,False,5,0,19,0
3419,453.43,254.46,False,False,3,0,8,0
3420,180.46,154.16,False,False,2,0,14,0
3421,179.48,130.06,False,False,0,2,15,0
3422,237.26,93.57,False,False,1,0,10,0
3423,1081.02,585.26,False,True,3,2,0,0
3424,555.33,192.73,False,False,1,0,4,0
3425,1011.78,924.08,False,True,5,0,11,0
3426,749.29,91.42,True,True,3,6,3,1
3427,565.3,502.05,False,False,1,0,19,0
3428,385.17,279.26,False,False,1,0,18,0
3429,1302.26,551.94,False,False,3,0,20,0
3430,2425.18,974.22,False,True,3,4,17,0
3431,1506.72,826.16,False,False,0,2,12,0
3432,337.74,475.32,False,False,2,0,23,0
3433,446.47,972.22,False,False,5,0,11,0
3434,236.04,173.94,False,False,5,0,4,0
3435,652.85,93.93,False,False,1,0,16,0
3436,397.5,191.17,False,True,3,0,14,0
3437,245.24,902.88,False,False,3,1,6,0
3438,1011.57,494.45,False,False,2,0,3,0
3439,1016.7,345.17,False,False,2,0,5,0
3440,968.54,586.81,False,False,3,2,2,0
3441,309.55,221.73,False,False,2,0,11,0
3442,1780.62,789.16,False,False,6,1,22,0
3443,1807.95,625.45,False,False,1,1,13,0
3444,1203.51,881.48,True,False,5,0,17,0
3445,595.86,95.79,False,True,6,3,10,1
3446,263.13,288.05,True,False,5,1,16,0
3447,2797.97,959.22,False,True,15,2,4,1
3448,701.54,266.47,False,False,1,0,20,0
3449,290.36,114.71,False,False,2,2,22,0
3450,87.6,136.51,False,True,2,0,10,0
3451,3642.12,645.82,True,True,4,4,17,1
3452,712.01,701.45,True,False,0,0,8,0
3453,273.88,919.38,True,False,3,1,8,0
3454,636.89,483.67,False,False,0,0,23,0
3455,4061.55,764.23,False,False,5,1,14,0
3456,449.36,553.12,False,False,2,0,2,0
3457,175.71,339.22,False,True,3,0,3,0
3458,2483.08,968.99,True,False,3,1,22,0
3459,433.21,242.0,True,False,1,0,5,0
3460,433.12,620.29,False,False,1,1,19,0
3461,125.81,392.9,False,False,0,0,14,0
3462,640.03,956.84,False,False,1,1,21,0
3463,4689.61,813.04,False,True,2,0,0,1
3464,1229.21,531.84,False,False,0,0,14,0
3465,1579.94,701.48,False,True,0,2,7,1
3466,2004.37,316.96,True,False,1,0,10,0
3467,165.57,442.22,False,False,2,0,0,0
3468,1495.19,739.77,False,False,4,0,15,0
3469,2457.74,901.01,False,False,2,0,9,0
3470,1249.71,586.47,False,True,2,0,11,0
3471,580.43,455.82,True,False,2,0,6,0
3472,220.52,111.01,False,False,2,0,6,0
3473,761.72,307.94,False,False,2,0,7,0
3474,2415.43,957.56,False,False,0,0,7,0
3475,303.74,565.29,True,True,8,2,15,0
3476,787.93,524.86,False,True,4,0,5,0
3477,637.38,87.06,True,True,2,8,19,1
3478,181.82,88.12,False,False,7,2,21,0
3479,516.78,468.41,False,True,3,0,10,0
3480,1312.16,547.93,False,False,1,0,11,0
3481,1991.71,738.52,False,True,5,0,12,0
3482,947.34,430.84,False,False,2,0,19,0
3483,1346.82,579.37,False,False,3,0,22,0
3484,1405.05,481.28,False,False,7,0,14,0
3485,337.52,942.12,True,False,1,1,9,0
3486,1303.92,428.44,True,True,7,4,4,1
3487,271.97,222.85,True,False,2,1,14,0
3488,382.1,877.7,True,False,5,0,15,0
3489,138.49,324.38,False,False,1,0,12,0
3490,5534.32,904.27,False,False,1,0,13,0
3491,861.35,323.86,False,True,2,0,21,0
3492,1004.06,405.92,False,False,0,0,16,0
3493,545.84,668.37,False,False,1,0,15,0
3494,763.11,822.13,False,False,0,0,17,0
3495,1399.24,908.88,False,False,2,0,6,0
3496,1287.75,653.9,True,False,3,0,17,0
3497,1414.85,615.19,False,False,5,0,7,0
3498,1012.77,516.53,False,True,0,1,16,0
3499,160.75,147.26,False,False,0,0,6,0
3500,2753.77,983.7,False,False,8,1,9,0
3501,373.92,214.02,True,False,14,4,2,1
3502,2727.18,488.99,False,True,7,2,0,1
3503,307.19,321.62,False,True,2,1,22,0
3504,208.18,114.34,False,False,4,1,13,0
3505,508.74,357.49,False,False,3,0,12,0
3506,1551.12,348.67,False,True,3,3,5,1
3507,904.99,733.9,False,False,3,0,2,0
3508,1122.38,268.39,False,False,0,0,22,0
3509,887.8,638.02,True,False,1,0,17,0
3510,3776.29,511.86,True,True,5,3,1,1
3511,415.31,846.54,True,False,4,0,21,0
3512,877.05,796.87,False,False,4,0,19,0
3513,2373.93,947.95,False,False,3,0,19,0
3514,904.61,511.55,False,False,3,1,10,0
3515,634.9,364.41,False,False,2,0,20,0
3516,2027.5,784.22,False,False,1,0,18,0
3517,267.8,204.0,False,False,6,0,0,0
3518,208.91,681.53,True,False,3,0,9,0
3519,673.0,444.11,False,False,2,0,20,0
3520,284.16,285.27,True,True,2,0,21,0
3521,55.09,71.3,False,True,2,0,19,0
3522,259.87,220.58,False,False,3,0,0,0
3523,1550.74,632.32,False,True,1,3,12,0
3524,2216.28,824.44,False,True,6,3,1,1
3525,288.16,648.94,False,False,0,0,6,0
3526,2738.36,933.31,False,False,2,0,18,0
3527,1147.55,956.43,False,False,0,0,8,0
3528,624.54,815.63,False,False,1,0,11,0
3529,136.21,402.89,False,False,1,0,7,0
3530,744.6,694.78,False,False,3,0,3,0
3531,637.07,460.56,False,False,1,0,14,0
3532,266.17,531.69,False,False,6,0,13,0
3533,1295.52,480.51,False,True,2,0,20,0
3534,242.25,377.63,False,False,2,0,8,0
3535,959.16,568.89,False,False,0,0,23,0
3536,960.12,335.15,False,False,3,0,23,0
3537,2532.66,844.4,False,False,3,0,5,0
3538,240.13,118.92,False,False,6,3,15,1
3539,1438.96,896.05,False,False,3,1,14,0
3540,1813.22,941.94,False,False,1,0,6,0
3541,328.79,912.21,False,False,2,2,3,0
3542,1492.27,716.0,True,True,3,0,9,0
3543,721.26,758.47,False,False,2,0,21,0
3544,376.78,683.31,False,False,3,0,16,0
3545,749.47,451.76,False,False,3,0,18,0
3546,224.24,126.9,False,False,0,0,12,0
3547,2553.38,436.97,False,True,2,1,1,0
3548,252.85,444.56,False,False,2,0,7,0
3549,278.51,127.45,False,False,3,0,17,0
3550,1035.81,575.77,False,False,8,1,18,0
3551,206.37,105.53,False,False,2,1,16,0
3552,426.85,745.19,True,True,2,0,5,0
3553,2957.1,420.93,True,False,7,4,0,1
3554,976.62,394.68,True,False,1,0,18,0
3555,971.11,659.11,False,False,1,0,7,0
3556,2566.23,333.07,True,True,3,8,1,1
3557,750.19,343.11,False,False,2,1,12,0
3558,1490.06,847.1,False,True,6,1,18,0
3559,773.47,688.97,False,False,1,0,7,0
3560,223.68,139.19,True,False,3,1,17,0
3561,938.7,423.58,False,False,2,0,15,0
3562,1265.22,315.89,False,False,3,0,5,0
3563,1017.75,516.04,False,False,3,0,15,0
3564,792.25,704.81,False,True,3,0,12,0
3565,1874.63,432.67,False,True,6,2,4,1
3566,2698.06,564.72,False,False,2,0,5,0
3567,221.54,120.15,False,False,2,0,18,0
3568,274.26,468.44,False,True,1,2,8,0
3569,1469.01,672.74,False,False,5,2,22,0
3570,1249.99,601.38,False,False,4,0,18,0
3571,340.9,122.98,False,False,3,0,6,0
3572,741.7,603.49,False,False,2,0,23,0
3573,1189.52,974.33,False,False,1,1,23,0
3574,37.92,132.61,False,False,1,0,4,0
3575,51.94,89.51,False,True,4,0,11,0
3576,367.16,571.68,False,False,2,1,12,0
3577,1366.25,947.05,False,False,1,1,20,0
3578,1730.08,658.57,True,False,10,3,11,1
3579,2214.68,514.66,False,False,1,0,5,0
3580,2240.73,755.56,False,False,2,2,6,0
3581,917.83,541.61,True,True,1,0,10,0
3582,854.29,888.09,False,False,0,0,6,0
3583,1097.83,856.95,False,False,2,1,0,0
3584,1919.8,687.95,False,False,5,0,12,0
3585,1903.14,742.04,False,False,2,2,13,0
3586,224.35,151.95,False,False,13,1,1,1
3587,783.98,382.65,False,False,3,0,0,0
3588,4092.71,603.78,False,False,0,0,14,0
3589,435.71,222.37,False,False,5,1,9,1
3590,775.62,565.13,False,False,0,0,21,0
3591,141.28,354.17,False,False,1,0,20,0
3592,1155.11,557.07,False,True,0,0,23,0
3593,1625.37,651.96,False,False,3,0,5,0
3594,161.31,380.84,False,False,4,0,21,0
3595,500.03,374.06,False,True,1,1,22,0
3596,736.79,178.04,False,False,7,0,13,0
3597,1535.17,528.31,False,True,1,7,4,1
3598,581.45,614.9,False,False,1,0,19,0
3599,4132.91,927.26,False,False,5,0,14,1
3600,573.69,479.98,False,False,1,1,22,0
3601,1186.07,863.27,False,False,6,1,16,0
3602,397.89,773.8,False,False,1,0,7,0
3603,723.19,456.43,True,False,3,1,22,0
3604,3160.57,628.09,True,True,4,5,0,1
3605,714.52,510.62,False,False,3,1,12,0
3606,696.91,788.55,False,False,1,1,15,0
3607,4643.41,870.4,False,False,2,3,4,1
3608,5718.02,657.84,False,False,3,8,0,1
3609,494.03,760.07,False,False,3,0,13,0
3610,1989.14,737.17,False,False,1,0,13,0
3611,1651.59,769.55,False,True,8,0,9,0
3612,1401.01,593.32,False,True,6,0,5,0
3613,558.16,776.08,False,False,4,0,13,0
3614,602.23,314.29,False,False,5,2,5,0
3615,635.43,270.63,True,False,2,3,15,1
3616,6949.32,877.52,False,False,6,0,21,0
3617,346.39,464.85,False,False,0,0,18,0
3618,678.78,348.04,False,False,3,0,22,0
3619,83.97,69.27,False,False,4,0,11,0
3620,30.54,124.13,False,False,1,0,9,0
3621,137.49,63.57,False,False,2,1,20,0
3622,311.64,126.7,False,False,3,1,12,0
3623,51.22,108.01,False,False,2,3,21,0
3624,855.62,845.23,True,False,2,2,17,0
3625,2105.52,900.31,True,True,1,0,3,0
3626,535.56,752.78,False,True,2,0,13,0
3627,728.52,368.73,True,False,2,1,13,0
3628,346.02,72.71,False,True,7,1,9,1
3629,1784.98,459.04,False,True,1,0,13,0
3630,2890.29,854.78,True,False,3,1,16,0
3631,111.12,281.69,True,False,5,3,8,1
3632,760.48,372.83,False,False,0,0,16,0
3633,2273.89,819.86,False,False,1,1,5,0
3634,601.16,220.91,True,False,1,0,16,0
3635,1477.5,852.51,False,False,2,0,6,0
3636,646.58,771.28,False,False,5,0,14,0
3637,655.15,284.71,False,False,1,0,9,0
3638,802.28,277.72,False,False,5,3,12,0
3639,791.28,423.34,False,True,3,1,5,0
3640,1965.81,986.07,False,False,2,0,6,0
3641,295.94,821.53,False,False,2,0,23,0
3642,266.61,349.21,True,False,6,0,20,1
3643,249.63,294.3,True,True,1,2,5,0
3644,2439.39,724.52,False,True,4,3,20,1
3645,947.66,504.92,False,False,2,0,6,0
3646,804.79,858.64,False,False,2,0,11,0
3647,112.15,196.16,False,False,3,0,12,0
3648,802.32,161.12,False,False,7,0,18,0
3649,111.77,325.19,False,True,1,0,2,0
3650,754.71,842.52,False,False,1,0,21,0
3651,4922.71,632.61,False,False,2,0,17,0
3652,1428.27,670.79,False,True,7,1,5,1
3653,614.18,291.26,False,False,10,2,11,1
3654,203.75,671.49,False,False,0,3,7,0
3655,1163.18,396.36,False,False,2,0,6,0
3656,910.78,784.65,False,False,2,1,6,0
3657,384.28,758.53,False,False,1,0,11,0
3658,6419.37,862.71,False,True,9,8,7,1
3659,836.9,453.13,False,False,1,0,7,0
3660,1093.23,300.51,False,True,7,0,17,1
3661,1272.8,503.21,False,True,3,1,20,0
3662,1044.16,642.6,False,True,2,0,3,0
3663,3736.34,553.34,True,False,6,6,1,1
3664,3740.2,805.06,True,True,6,6,20,1
3665,4574.61,830.5,False,True,1,2,5,1
3666,923.93,759.03,False,True,2,1,8,1
3667,2057.93,451.67,False,True,7,3,4,1
3668,953.52,903.46,False,False,1,4,23,0
3669,773.77,619.25,False,False,2,0,18,0
3670,1277.97,883.19,False,False,4,1,12,0
3671,1682.92,510.1,False,False,2,0,23,0
3672,1723.44,458.66,False,True,6,0,8,1
3673,857.52,931.97,False,True,2,1,0,0
3674,371.79,144.62,False,True,3,0,9,0
3675,1270.07,596.87,True,False,3,0,14,0
3676,1578.06,711.49,False,False,1,0,18,0
3677,460.19,178.72,False,True,1,0,1,0
3678,486.23,352.64,False,True,2,1,19,0
3679,174.68,536.75,False,False,2,2,16,0
3680,5314.63,822.48,True,True,7,1,1,1
3681,5530.35,782.26,False,False,2,0,15,0
3682,1277.74,653.18,False,False,2,0,12,0
3683,1342.22,947.8,True,False,0,0,4,0
3684,913.62,366.28,True,False,8,7,2,1
3685,94.29,176.71,False,False,1,0,16,0
3686,59.81,198.62,False,False,4,0,11,0
3687,1781.74,689.95,False,False,3,2,17,0
3688,1238.46,880.54,True,False,1,0,20,0
3689,1383.98,953.9,False,True,2,0,23,0
3690,167.19,113.57,False,False,1,1,5,0
3691,1367.17,643.19,True,False,2,0,17,0
3692,626.71,191.26,False,True,7,1,2,1
3693,5010.87,785.09,True,False,1,0,23,0
3694,114.29,118.69,False,False,4,0,14,0
3695,1735.91,776.09,False,True,1,0,12,0
3696,227.87,63.49,True,False,1,6,21,1
3697,418.46,164.7,True,False,6,1,8,1
3698,2647.61,898.53,False,False,3,1,23,0
3699,1552.97,653.03,False,True,3,0,9,0
3700,323.26,121.33,False,False,4,1,8,0
3701,1251.38,701.15,False,False,1,0,21,0
3702,2163.59,794.25,False,False,4,0,9,0
3703,899.26,262.89,False,True,15,2,8,1
3704,1099.25,421.21,False,True,0,3,6,0
3705,2150.66,930.76,False,True,1,0,23,0
3706,542.39,230.53,False,True,8,4,22,0
3707,300.45,416.27,True,False,4,0,16,0
3708,571.27,354.57,True,False,2,0,6,0
3709,1118.08,400.54,False,False,2,0,21,0
3710,271.56,213.39,False,False,2,2,9,0
3711,404.43,463.81,False,True,1,0,8,0
3712,1459.04,632.37,False,False,8,1,6,0
3713,2487.17,963.81,False,False,0,0,5,0
3714,1616.71,585.83,False,False,3,0,16,0
3715,799.61,313.69,False,False,0,1,12,0
3716,426.54,167.51,False,False,4,0,18,0
3717,1490.47,961.72,False,False,3,0,6,0
3718,511.39,573.74,False,False,2,1,19,0
3719,586.32,501.89,False,False,3,0,11,0
3720,885.87,944.12,False,False,2,1,13,0
3721,5509.0,690.73,False,False,4,0,14,0
3722,3017.73,460.38,False,False,4,1,22,0
3723,2106.06,879.52,False,False,1,0,23,0
3724,686.88,284.25,False,False,0,0,12,0
3725,123.88,218.78,False,True,7,0,18,0
3726,2056.48,718.87,False,False,3,0,21,0
3727,474.42,591.03,False,False,4,1,14,0
3728,209.09,361.63,False,True,2,1,15,0
3729,147.6,99.08,False,False,1,0,23,0
3730,2423.17,839.1,False,False,3,0,22,0
3731,113.38,196.02,True,False,1,1,13,0
3732,1544.26,826.15,False,False,1,0,13,0
3733,1388.06,778.86,False,True,3,0,21,0
3734,2748.72,727.51,False,False,7,2,1,1
3735,1830.79,689.72,False,False,2,0,14,0
3736,1900.65,238.46,True,True,2,1,1,0
3737,251.6,293.22,False,False,2,0,19,0
3738,512.34,908.04,False,False,2,0,0,0
3739,1388.34,723.42,True,True,12,0,10,1
3740,34.39,78.35,False,False,0,1,17,0
3741,1561.84,980.38,False,False,4,1,19,0
3742,5265.89,938.95,False,True,3,0,2,1
3743,1155.68,417.51,False,True,2,0,17,0
3744,2779.5,354.17,False,False,3,0,14,0
3745,1895.88,849.08,False,False,0,0,11,0
3746,1619.59,686.67,False,False,5,0,13,0
3747,4013.75,874.11,False,False,2,4,5,0
3748,793.43,424.17,False,True,0,2,17,1
3749,1076.1,473.07,False,False,3,1,21,0
3750,402.2,244.26,False,False,12,1,16,1
3751,334.11,508.59,False,False,3,0,6,0
3752,733.18,333.29,True,True,1,0,8,0
3753,1797.86,718.61,False,True,1,0,8,0
3754,128.52,172.26,False,False,1,0,22,0
3755,838.64,391.72,False,False,2,0,16,0
3756,3370.59,610.91,False,True,5,2,10,1
3757,398.66,708.08,False,False,3,1,11,0
3758,3674.43,683.55,False,True,4,4,1,1
3759,229.17,466.89,False,False,4,0,20,0
3760,1135.83,440.01,False,False,3,0,9,0
3761,788.56,283.12,False,False,2,0,6,0
3762,541.3,506.17,False,False,0,0,5,0
3763,451.42,60.01,False,False,2,0,13,0
3764,672.19,463.48,False,False,6,0,14,0
3765,311.24,363.97,False,False,3,0,20,0
3766,2275.57,867.59,False,False,1,0,16,0
3767,577.24,257.65,False,True,4,2,1,1
3768,2098.09,325.3,True,True,6,0,23,1
3769,1759.17,615.41,False,False,7,0,15,0
3770,1442.6,626.17,False,False,2,0,21,0
3771,885.58,547.77,False,False,5,1,12,0
3772,804.06,650.16,True,False,14,3,3,1
3773,903.37,586.26,False,False,1,0,1,0
3774,687.13,539.45,False,False,5,0,23,0
3775,921.53,495.62,False,False,1,1,6,0
3776,458.08,77.04,False,False,1,0,16,0
3777,641.73,356.39,False,False,1,0,20,0
3778,207.69,177.99,False,False,11,2,2,1
3779,450.07,235.01,False,False,4,0,3,0
3780,431.18,198.61,False,False,2,0,15,0
3781,322.52,529.03,False,False,1,1,6,0
3782,988.58,495.42,False,False,2,0,3,0
3783,1108.06,995.98,False,True,4,0,13,0
3784,402.72,678.67,False,False,5,1,5,0
3785,56.25,66.36,False,False,2,0,16,0
3786,290.06,275.72,True,False,2,0,11,0
3787,2415.3,848.16,False,False,3,0,23,0
3788,253.13,855.07,False,False,0,0,11,0
3789,1857.94,816.09,False,False,1,0,16,0
3790,1876.38,480.77,True,False,5,3,19,1
3791,861.02,790.51,False,False,4,1,21,0
3792,652.61,263.17,False,True,7,1,7,0
3793,391.12,148.25,False,False,0,2,11,0
3794,2155.99,581.3,True,False,13,0,10,1
3795,577.28,424.93,False,False,2,2,19,0
3796,835.06,748.26,True,True,6,1,19,0
3797,157.79,675.99,True,False,4,1,21,0
3798,81.68,74.5,False,False,1,0,16,0
3799,2012.39,647.82,False,True,4,0,3,0
3800,831.6,939.5,False,True,3,0,8,0
3801,1120.6,653.45,False,True,9,0,19,1
3802,2858.59,388.48,False,False,0,0,9,0
3803,129.36,71.95,False,False,2,0,12,0
3804,1724.3,666.67,False,False,0,0,17,0
3805,152.02,256.66,False,False,3,2,6,0
3806,621.26,259.88,False,False,3,0,18,0
3807,672.73,285.4,False,False,1,2,5,0
3808,1695.57,974.25,False,False,2,0,8,0
3809,1594.85,703.05,True,False,6,0,5,0
3810,691.41,526.03,False,False,2,0,4,0
3811,1082.48,622.6,False,True,1,0,9,0
3812,318.04,270.05,False,True,2,0,10,0
3813,2649.46,946.89,False,False,6,0,22,0
3814,1513.02,585.87,False,False,8,1,2,1
3815,376.62,139.35,False,False,4,0,13,0
3816,2322.06,901.82,False,True,1,0,21,0
3817,253.21,186.26,False,False,2,0,23,0
3818,356.43,158.78,False,True,2,0,5,0
3819,1184.07,820.06,False,False,3,0,20,0
3820,51.67,52.31,False,False,1,1,10,0
3821,166.23,167.78,False,False,0,0,18,0
3822,769.32,839.57,False,False,1,1,16,0
3823,213.49,175.9,False,False,0,0,6,0
3824,863.37,310.18,False,False,2,0,14,0
3825,1761.62,680.76,False,False,8,1,10,1
3826,155.2,281.65,False,False,2,0,21,0
3827,2223.36,866.92,False,False,2,1,23,0
3828,1855.89,976.85,False,True,2,0,10,0
3829,1113.59,837.79,False,False,3,1,15,0
3830,1339.54,666.68,False,False,1,0,11,0
3831,589.12,509.48,False,False,2,0,8,0
3832,2162.29,805.71,True,True,2,0,10,0
3833,641.59,178.41,False,False,4,1,16,0
3834,280.48,118.36,False,False,2,2,12,0
3835,324.0,132.26,True,False,2,0,12,0
3836,118.0,385.56,False,False,3,1,20,0
3837,1740.99,624.87,False,False,2,0,18,0
3838,127.76,144.33,True,False,0,0,2,0
3839,1354.86,852.13,False,False,3,1,4,0
3840,1323.97,503.73,False,False,5,0,18,0
3841,1910.83,774.66,False,True,0,2,11,0
3842,1049.99,701.61,True,True,0,1,9,1
3843,274.52,99.45,True,False,12,0,14,1
3844,1091.66,537.98,False,False,4,0,1,0
3845,1574.33,556.3,False,False,1,0,10,0
3846,1621.17,361.58,False,False,2,2,20,0
3847,175.31,399.44,False,False,2,0,6,0
3848,444.57,647.72,False,False,1,0,21,0
3849,1690.01,850.16,False,True,4,0,20,0
3850,144.33,62.93,False,False,0,0,9,0
3851,6306.54,884.87,False,False,1,5,1,1
3852,1428.39,769.49,False,True,5,0,0,1
3853,5678.47,637.18,False,True,1,7,1,1
3854,322.88,414.06,False,False,1,0,12,0
3855,1120.44,410.18,False,False,0,0,8,0
3856,1675.97,602.98,False,False,1,0,5,0
3857,133.45,618.12,False,False,2,0,16,0
3858,836.75,446.34,True,False,1,0,5,0
3859,379.57,226.43,False,False,0,0,18,0
3860,2883.48,330.11,True,True,8,5,2,1
3861,456.27,398.85,False,False,4,0,20,0
3862,903.72,693.81,False,False,6,0,21,0
3863,1632.07,728.49,False,True,7,0,7,0
3864,346.61,204.36,True,True,4,2,18,1
3865,93.0,120.64,True,False,5,1,23,0
3866,94.57,50.52,False,False,3,0,5,0
3867,168.09,57.07,True,False,5,0,0,0
3868,1838.31,883.0,False,False,4,0,7,0
3869,85.17,78.13,False,False,4,0,4,0
3870,2939.57,785.86,False,True,7,3,19,1
3871,394.46,961.3,False,False,1,0,7,0
3872,316.36,290.8,False,False,2,0,9,0
3873,4894.99,954.72,False,False,3,1,21,0
3874,291.71,102.07,False,False,3,0,13,0
3875,171.98,451.44,False,False,1,0,8,0
3876,1849.25,764.46,True,True,1,1,11,0
3877,2806.2,999.44,False,False,2,1,8,0
3878,114.99,61.29,False,False,2,0,15,0
3879,993.79,406.95,False,False,1,0,13,0
3880,448.87,514.03,False,False,7,1,20,0
3881,356.7,771.1,False,False,1,2,7,0
3882,2222.07,849.65,True,False,4,0,0,0
3883,1376.85,640.31,False,True,3,0,2,0
3884,331.6,382.6,True,True,7,3,6,1
3885,464.86,245.22,False,False,2,0,16,0
3886,185.83,83.47,False,False,4,0,5,0
3887,1132.87,556.1,False,False,0,0,8,0
3888,1604.52,603.44,False,False,1,0,15,0
3889,1313.22,523.45,False,False,4,2,8,0
3890,2030.92,704.61,False,False,4,0,11,0
3891,755.05,349.77,False,True,4,0,9,0
3892,1309.15,290.0,True,True,2,6,19,1
3893,1346.25,723.46,True,True,5,1,15,1
3894,2400.96,876.41,False,False,2,1,20,0
3895,670.01,810.69,False,False,2,0,9,0
3896,2126.2,735.58,False,True,2,0,8,0
3897,511.36,654.81,True,False,1,2,10,0
3898,1249.11,434.76,False,False,3,1,9,0
3899,114.85,169.8,True,False,1,1,20,0
3900,1894.3,779.73,True,False,6,1,21,1
3901,965.37,583.76,False,True,1,3,22,0
3902,1234.25,406.99,False,False,2,0,7,0
3903,1870.92,850.33,False,False,4,0,13,0
3904,394.84,465.79,False,False,1,0,13,0
3905,362.72,340.89,False,False,7,0,16,0
3906,2451.84,946.16,False,False,1,0,22,0
3907,966.96,586.42,False,False,1,2,20,0
3908,664.16,575.67,False,False,2,4,14,0
3909,2430.63,890.04,True,False,7,7,3,1
3910,1599.54,895.66,False,True,6,4,7,1
3911,2114.81,712.11,False,False,1,0,8,0
3912,1592.62,292.85,False,False,0,2,11,0
3913,349.3,142.65,False,False,9,2,6,1
3914,2055.63,816.13,False,False,1,0,20,0
3915,431.22,392.18,False,False,4,0,15,0
3916,730.41,257.9,False,True,0,0,6,0
3917,1465.88,502.85,True,False,3,1,4,0
3918,2645.43,624.27,False,False,4,2,15,1
3919,1020.66,474.36,False,True,3,0,6,0
3920,588.72,297.28,False,False,5,2,18,0
3921,6849.25,987.59,True,False,3,1,12,0
3922,2742.12,981.92,True,False,5,1,4,1
3923,3610.78,648.57,False,False,5,7,4,1
3924,7279.44,977.46,True,False,2,1,19,0
3925,2334.61,802.34,False,False,2,0,22,0
3926,256.97,184.87,False,False,0,0,3,0
3927,1217.53,751.56,False,False,4,0,16,0
3928,3039.51,691.29,False,True,1,2,19,1
3929,5119.81,933.2,True,False,1,2,17,0
3930,400.79,827.63,True,False,1,1,8,0
3931,2077.92,431.9,False,True,2,2,23,0
3932,641.17,397.2,False,False,3,0,12,0
3933,3096.08,900.0,False,False,2,0,13,0
3934,2050.48,936.86,False,False,3,3,13,0
3935,928.99,334.37,False,True,0,0,22,0
3936,1055.8,434.92,False,False,2,1,22,0
3937,4632.76,959.69,True,False,8,7,23,1
3938,270.18,245.49,False,True,1,0,8,0
3939,904.34,854.35,False,False,2,2,7,0
3940,409.02,621.32,False,True,2,0,19,0
3941,1543.71,600.4,False,False,3,0,5,0
3942,2049.47,853.43,False,False,3,1,6,0
3943,1326.26,862.94,False,False,1,0,19,0
3944,306.75,102.63,False,False,2,2,14,0
3945,2400.33,839.19,False,True,10,1,11,1
3946,2180.44,952.29,False,False,1,0,18,0
3947,2443.38,836.67,True,False,1,4,11,0
3948,1964.21,701.53,False,False,3,1,23,0
3949,196.11,532.13,False,False,1,2,18,0
3950,99.41,71.71,False,True,3,1,14,0
3951,402.1,213.86,False,False,1,0,3,0
3952,511.14,428.2,False,False,2,0,20,0
3953,3957.76,994.06,False,True,15,3,5,1
3954,815.11,702.26,False,True,2,0,20,0
3955,396.39,506.34,False,True,2,0,14,0
3956,1712.4,600.54,False,False,4,0,10,0
3957,549.64,314.77,True,False,2,0,8,0
3958,2436.66,709.55,False,True,8,0,22,1
3959,227.11,489.04,False,False,1,3,5,0
3960,2285.29,835.08,False,False,3,0,18,0
3961,830.52,291.12,False,False,3,1,14,0
3962,486.19,553.41,False,False,3,0,12,0
3963,7850.28,982.07,True,True,2,8,7,1
3964,438.21,389.86,False,False,3,0,14,0
3965,1079.86,717.81,False,False,2,1,12,0
3966,2240.75,885.7,False,True,1,0,10,0
3967,864.17,506.12,False,True,1,0,10,0
3968,1105.53,872.89,False,False,1,0,21,0
3969,209.49,67.34,True,True,2,2,2,1
3970,2089.24,704.05,False,False,2,0,12,0
3971,1424.58,351.96,False,True,0,1,21,0
3972,1223.25,425.88,True,False,0,0,7,0
3973,519.66,708.4,False,False,2,0,12,0
3974,3552.31,946.53,False,False,12,1,12,1
3975,164.28,507.02,False,False,0,1,10,0
3976,214.42,122.91,False,False,1,1,5,0
3977,564.22,445.13,False,False,2,0,15,0
3978,1129.38,977.06,False,False,4,0,5,0
3979,28.1,80.92,False,False,5,1,15,0
3980,2266.99,915.75,False,False,1,0,13,0
3981,1529.4,982.11,False,True,1,2,15,0
3982,893.14,350.98,False,False,4,1,13,0
3983,358.75,707.64,False,False,4,1,10,0
3984,545.17,524.05,False,False,2,0,7,0
3985,819.31,687.61,False,False,2,1,15,0
3986,136.56,299.52,False,False,3,0,9,0
3987,874.05,519.0,True,False,0,0,19,0
3988,1802.03,675.03,False,False,3,4,1,0
3989,710.74,440.43,False,False,5,0,22,0
3990,2973.52,670.71,True,True,7,6,9,1
3991,635.25,264.35,False,False,3,0,19,0
3992,1949.63,356.32,True,False,4,0,22,0
3993,84.14,55.17,False,False,7,0,21,0
3994,303.45,924.93,False,True,0,1,10,0
3995,143.19,270.93,False,False,2,0,19,0
3996,1286.63,758.06,False,False,2,3,6,0
3997,1473.69,693.98,True,False,4,1,17,0
3998,1462.56,855.0,True,False,1,1,6,0
3999,1158.07,444.19,False,True,2,0,17,0
4000,1316.33,209.98,False,False,1,0,16,0
4001,831.52,641.61,False,False,2,0,17,0
4002,1270.89,969.86,False,False,4,0,12,0
4003,1136.62,406.93,False,False,1,1,22,0
4004,873.08,918.02,False,False,5,1,22,0
4005,392.28,142.06,False,False,1,0,0,0
4006,357.96,356.48,False,False,4,1,12,0
4007,287.12,768.64,False,False,3,0,20,0
4008,1068.7,414.62,False,False,4,0,6,0
4009,2374.64,949.85,True,False,1,0,10,0
4010,1359.73,454.18,True,False,0,2,8,0
4011,1570.12,568.15,False,False,5,0,2,0
4012,557.41,342.08,False,False,2,0,5,0
4013,74.0,183.03,False,False,1,0,7,0
4014,956.69,465.83,False,False,5,2,4,1
4015,155.85,164.35,False,False,0,0,5,0
4016,2844.79,650.35,False,True,2,0,11,0
4017,382.81,196.32,False,False,2,2,12,0
4018,1512.25,845.5,False,False,4,0,6,0
4019,341.19,238.76,False,False,4,0,14,0
4020,534.36,180.06,True,False,2,0,18,0
4021,2076.11,969.53,True,False,3,0,13,0
4022,553.49,449.68,False,False,8,2,12,0
4023,1355.75,932.63,False,False,2,0,6,0
4024,144.12,57.44,False,False,2,0,23,0
4025,1489.68,780.09,False,True,0,0,12,0
4026,718.42,568.96,False,False,4,0,10,0
4027,689.69,502.8,False,False,0,0,11,0
4028,2496.0,850.98,False,False,4,0,4,0
4029,902.38,601.75,True,False,2,0,9,0
4030,1529.73,585.27,False,False,11,1,21,1
4031,1417.0,701.32,False,False,2,0,17,0
4032,199.55,528.99,False,False,0,1,10,0
4033,848.54,302.95,False,False,3,0,14,0
4034,4389.17,630.59,False,True,0,0,13,1
4035,139.79,54.17,False,False,5,3,6,0
4036,2299.18,808.42,False,False,5,0,19,0
4037,464.6,652.68,False,False,2,0,18,0
4038,947.62,354.17,False,False,1,0,22,0
4039,2973.77,717.57,False,True,5,1,9,1
4040,1404.14,883.01,False,False,1,2,8,0
4041,312.31,747.3,False,False,1,0,9,0
4042,1366.2,614.49,False,False,2,0,6,0
4043,1234.09,870.82,True,False,0,2,17,0
4044,90.43,62.88,False,False,1,0,21,0
4045,468.22,850.37,False,False,1,0,18,0
4046,409.99,215.8,False,True,7,0,6,0
4047,171.05,72.3,True,False,2,2,18,0
4048,1057.58,549.33,False,False,3,0,9,0
4049,1421.84,887.11,False,False,5,3,2,0
4050,180.25,522.38,False,False,3,0,23,0
4051,230.53,188.38,False,True,3,0,14,0
4052,4581.98,654.86,True,False,0,2,6,0
4053,946.12,458.21,False,False,6,2,6,0
4054,5456.57,890.83,True,True,7,2,10,1
4055,38.18,54.04,False,False,3,0,19,0
4056,5723.64,833.3,False,True,8,0,17,0
4057,55.08,150.69,False,False,3,0,20,0
4058,689.32,685.5,True,True,0,3,9,1
4059,914.97,994.25,False,False,1,0,18,0
4060,4225.98,918.81,False,False,2,1,3,0
4061,1289.77,532.93,True,False,13,4,15,1
4062,1830.4,657.35,False,False,0,1,15,0
4063,1917.14,799.9,False,False,0,1,13,0
4064,135.85,69.45,False,False,2,1,14,0
4065,1464.3,786.92,False,False,2,2,14,0
4066,274.44,101.1,False,True,3,1,20,0
4067,1423.46,874.46,False,False,2,0,7,0
4068,2684.85,616.61,True,True,2,1,2,1
4069,205.89,172.24,False,False,6,0,10,0
4070,3807.65,612.53,False,False,0,1,13,0
4071,875.87,694.62,False,False,8,0,13,0
4072,201.08,730.89,False,False,3,0,23,0
4073,1873.09,666.04,False,False,5,1,20,0
4074,449.94,706.42,False,False,4,0,9,0
4075,2406.56,677.01,True,True,9,4,19,1
4076,479.42,105.33,True,False,1,7,17,1
4077,635.41,226.23,False,False,4,0,19,0
4078,1603.76,959.89,False,False,2,0,12,0
4079,1910.58,928.38,False,False,1,0,11,0
4080,849.11,815.26,False,True,3,0,21,0
4081,859.9,479.76,False,False,1,0,16,0
4082,910.07,623.11,False,True,13,3,16,1
4083,578.37,747.85,False,False,6,0,11,0
4084,1051.36,826.42,True,False,3,1,6,0
4085,1950.41,812.5,False,False,1,0,21,0
4086,274.73,767.57,True,True,1,0,6,0
4087,1528.41,796.3,True,False,5,1,11,0
4088,1584.56,578.47,False,False,5,0,17,0
4089,460.7,220.04,False,False,0,1,13,0
4090,641.28,246.09,True,False,3,1,14,0
4091,1531.73,628.27,False,False,3,0,17,0
4092,293.06,299.57,False,False,3,0,7,0
4093,986.53,477.94,False,False,3,0,22,0
4094,323.9,134.24,False,True,2,0,20,0
4095,341.88,150.14,False,False,0,0,19,0
4096,1786.78,806.39,True,False,1,0,10,0
4097,865.09,403.44,False,False,3,1,16,0
4098,1639.99,888.28,False,False,0,0,4,0
4099,156.31,69.96,False,True,4,1,10,0
4100,277.57,717.83,False,True,11,2,3,1
4101,3390.48,843.57,False,False,2,0,21,0
4102,1697.46,896.42,True,False,6,0,6,1
4103,4320.14,865.69,False,True,2,1,4,0
4104,802.95,162.49,False,True,7,3,11,1
4105,2072.48,596.49,True,False,6,0,13,1
4106,517.34,836.03,False,False,0,0,21,0
4107,847.37,495.64,False,True,3,0,21,0
4108,390.18,561.0,False,False,1,0,0,0
4109,431.06,468.26,False,False,2,0,11,0
4110,385.77,865.0,False,False,3,0,0,0
4111,931.54,910.98,False,False,3,1,8,0
4112,530.78,476.91,False,False,1,1,8,0
4113,895.45,591.56,False,False,1,0,16,0
4114,883.62,740.77,False,False,5,2,6,1
4115,696.79,746.98,False,False,2,0,12,0
4116,1624.96,912.4,True,False,3,0,10,0
4117,220.17,849.75,False,False,6,0,21,0
4118,2745.19,963.29,True,True,6,3,3,1
4119,686.06,700.59,False,False,4,0,15,0
4120,476.82,756.84,False,True,3,0,23,0
4121,355.34,356.18,True,False,1,0,21,0
4122,242.92,137.75,False,False,3,0,19,0
4123,634.72,663.0,False,False,2,0,7,0
4124,628.18,86.0,False,False,1,0,9,0
4125,1166.15,764.32,False,False,4,0,12,0
4126,710.2,756.36,False,False,4,0,5,0
4127,1343.34,347.68,False,True,5,0,4,1
4128,1156.96,394.38,False,False,2,0,20,0
4129,1216.55,489.7,False,False,1,0,9,0
4130,1413.48,244.29,False,True,6,2,10,1
4131,643.61,516.29,True,False,4,0,21,0
4132,837.09,898.59,False,True,15,4,3,1
4133,1717.12,747.94,False,False,3,0,10,0
4134,588.33,393.14,False,True,0,0,9,0
4135,1582.21,767.95,False,False,2,0,11,0
4136,175.61,654.12,False,False,3,1,19,0
4137,798.36,370.59,False,False,1,0,19,0
4138,1016.15,608.46,False,False,4,0,23,0
4139,2164.78,996.46,False,False,7,1,15,0
4140,1769.01,760.37,False,False,1,0,15,0
4141,46.02,196.95,False,False,4,1,13,0
4142,394.43,174.94,False,False,2,0,17,0
4143,1850.7,742.45,False,False,9,2,3,1
4144,345.79,552.82,False,False,7,0,5,0
4145,489.42,226.26,False,True,0,0,5,0
4146,1250.39,618.57,False,True,3,0,14,0
4147,1363.27,253.54,True,False,1,7,21,1
4148,4168.82,890.18,True,False,4,7,3,1
4149,938.49,532.21,False,False,3,0,9,0
4150,2209.95,848.39,False,False,2,0,12,0
4151,251.73,119.02,False,False,1,1,6,0
4152,1542.24,984.2,False,False,3,0,8,0
4153,5418.29,962.73,False,False,1,0,12,0
4154,632.91,201.51,False,True,0,1,1,1
4155,85.28,118.56,False,True,7,1,20,1
4156,1453.16,549.59,False,False,1,0,2,0
4157,755.54,376.87,False,True,1,0,12,1
4158,422.84,90.4,True,True,6,2,1,1
4159,2307.63,566.06,False,True,0,0,7,0
4160,2623.61,346.15,False,False,0,1,6,0
4161,332.54,520.56,False,False,0,1,5,0
4162,1801.53,850.36,False,False,6,0,17,0
4163,176.03,450.15,False,False,1,2,6,0
4164,2625.41,395.03,False,False,3,0,11,0
4165,2953.85,871.56,False,True,5,3,1,1
4166,744.34,650.18,False,True,4,0,16,0
4167,444.24,240.58,False,True,0,1,17,0
4168,187.45,408.33,False,False,3,0,5,0
4169,866.69,292.89,False,False,3,1,17,0
4170,153.04,323.2,True,False,2,0,8,0
4171,659.72,380.65,False,False,0,0,16,0
4172,8107.37,970.58,True,False,7,8,2,1
4173,410.26,316.54,False,True,3,0,11,0
4174,1177.57,690.17,False,False,4,0,10,0
4175,5427.37,893.85,False,False,1,0,17,1
4176,467.15,372.39,False,False,4,1,20,0
4177,6039.84,911.54,True,True,4,2,16,1
4178,813.51,581.94,True,False,7,6,1,1
4179,262.41,453.49,False,True,1,0,5,0
4180,338.41,943.39,False,False,2,0,1,0
4181,171.13,467.71,False,True,2,0,11,0
4182,58.23,126.25,False,False,2,2,7,0
4183,1495.45,302.61,False,False,0,1,10,0
4184,374.69,473.33,False,False,3,2,4,0
4185,1775.98,605.79,False,True,4,1,14,0
4186,2204.37,734.81,False,False,4,0,6,0
4187,5926.22,925.61,False,False,6,0,23,0
4188,48.13,197.48,False,False,2,0,16,0
4189,673.64,776.47,False,True,3,0,22,0
4190,630.86,370.48,False,False,2,1,2,0
4191,2037.58,863.44,False,False,1,0,12,0
4192,1848.1,747.25,False,False,1,0,20,0
4193,918.86,431.76,True,False,1,0,3,0
4194,2860.6,599.71,False,False,3,0,5,0
4195,321.55,611.54,False,False,4,0,14,0
4196,852.66,783.12,False,False,2,0,10,0
4197,145.76,221.05,False,True,1,0,11,0
4198,4135.83,652.97,True,False,3,0,13,0
4199,317.69,271.89,True,True,4,3,21,1
4200,1635.86,820.13,False,True,2,1,8,0
4201,41.14,57.06,False,False,2,1,12,0
4202,190.57,114.01,False,False,1,1,8,0
4203,417.75,762.13,True,False,2,2,19,0
4204,1179.1,488.2,False,False,1,1,16,0
4205,1218.36,446.68,False,True,0,0,23,0
4206,965.42,432.3,True,False,2,0,11,0
4207,551.23,333.3,False,False,6,3,18,1
4208,4490.85,553.04,True,True,2,1,9,1
4209,681.42,950.6,False,True,0,0,6,0
4210,1920.6,820.95,False,False,1,0,7,0
4211,1693.88,915.35,False,False,0,0,5,0
4212,556.84,660.08,False,False,2,0,10,0
4213,318.52,237.71,False,False,1,1,10,0
4214,400.77,819.34,True,False,1,0,21,0
4215,62.7,82.47,False,False,3,0,20,0
4216,2679.05,482.32,False,False,2,0,13,0
4217,33.44,117.41,False,False,2,0,12,0
4218,1116.34,652.02,False,False,6,4,9,0
4219,1613.93,803.15,False,False,2,0,18,0
4220,2158.34,742.67,False,False,3,1,7,0
4221,1948.86,809.78,False,False,0,0,5,0
4222,2357.31,597.2,False,True,1,1,5,1
4223,1249.58,465.65,False,False,1,0,19,0
4224,902.86,363.24,False,False,2,0,9,0
4225,1055.02,486.23,False,False,4,0,12,0
4226,823.6,590.56,False,False,3,0,12,0
4227,392.14,444.45,False,False,4,0,21,0
4228,403.21,260.36,False,False,2,0,15,0
4229,934.12,443.3,False,False,1,0,23,0
4230,685.0,230.6,True,True,1,0,17,0
4231,168.31,109.13,False,False,4,0,7,0
4232,2232.32,771.07,False,False,3,0,4,0
4233,3011.0,739.92,False,False,2,1,5,0
4234,218.06,406.56,False,False,1,1,5,0
4235,666.94,855.56,False,False,1,0,3,0
4236,1658.56,608.65,True,False,2,0,14,0
4237,100.5,251.58,True,False,2,1,2,0
4238,948.75,877.88,False,False,3,1,23,0
4239,2210.61,789.87,False,False,7,0,2,0
4240,32.38,125.32,False,False,3,0,23,0
4241,370.46,130.39,True,False,7,8,2,1
4242,97.19,393.84,False,False,8,0,12,0
4243,608.4,569.22,False,False,2,0,0,0
4244,232.01,769.91,True,False,1,3,21,0
4245,836.95,366.96,False,False,1,0,1,0
4246,2010.35,755.29,False,False,1,2,1,0
4247,355.46,237.43,False,False,14,0,20,1
4248,1115.17,431.02,False,True,1,0,18,0
4249,1251.35,870.34,True,False,1,1,12,0
4250,1443.61,482.66,False,False,3,0,9,0
4251,938.41,621.4,False,False,1,0,9,0
4252,1613.73,624.55,True,True,4,2,4,1
4253,1527.16,848.43,False,False,2,0,21,0
4254,687.18,530.9,False,False,2,0,7,0
4255,289.05,332.17,False,False,5,0,2,0
4256,440.89,297.39,False,False,1,1,18,0
4257,2337.05,621.49,False,True,4,0,7,1
4258,257.08,283.4,False,False,2,3,5,0
4259,844.79,443.21,True,False,2,0,20,0
4260,253.0,896.11,False,False,3,1,10,0
4261,1079.13,424.01,False,False,2,1,17,0
4262,326.66,137.39,True,False,2,1,21,0
4263,361.64,433.57,False,False,2,0,9,0
4264,1096.26,439.57,False,False,3,0,13,0
4265,398.3,479.88,False,False,4,1,15,0
4266,221.8,175.36,True,False,0,0,21,0
4267,593.32,901.9,True,True,3,0,1,0
4268,424.1,355.28,False,False,2,0,1,0
4269,248.22,228.74,False,True,1,2,19,0
4270,428.03,705.04,False,False,4,0,19,0
4271,1691.15,741.82,False,False,1,0,14,0
4272,63.29,68.93,False,False,2,0,10,0
4273,2003.81,849.17,True,False,0,0,7,0
4274,2527.15,940.97,False,False,2,0,18,0
4275,1260.28,898.55,True,False,4,0,13,0
4276,625.77,440.79,False,True,4,2,10,0
4277,1443.13,534.63,False,False,7,0,13,0
4278,936.19,375.71,False,False,3,0,5,0
4279,2301.45,990.25,False,False,1,1,7,0
4280,1162.33,776.46,False,True,4,0,22,0
4281,421.93,181.63,False,False,1,1,0,0
4282,101.14,71.93,True,False,3,1,19,0
4283,993.72,276.48,False,False,1,1,13,0
4284,1638.36,770.53,False,True,2,0,11,0
4285,3347.74,387.17,True,True,6,4,6,1
4286,607.01,307.99,False,False,1,0,2,0
4287,912.69,780.52,False,False,4,1,20,0
4288,1161.19,806.83,False,False,4,0,14,0
4289,32.96,78.01,False,False,3,0,10,0
4290,1161.48,552.88,False,False,3,1,19,0
4291,108.9,61.51,False,False,3,0,21,0
4292,1726.24,768.08,False,False,1,0,17,0
4293,34.07,53.37,True,False,3,0,15,0
4294,3794.68,600.78,True,True,3,1,4,1
4295,698.56,892.34,True,False,1,0,20,0
4296,410.67,209.36,False,False,1,0,8,0
4297,246.7,126.67,False,True,1,1,20,0
4298,252.99,629.9,False,False,1,0,17,0
4299,1336.53,449.28,False,False,1,0,9,0
4300,359.44,721.89,False,False,3,0,3,0
4301,2118.25,872.5,True,False,1,1,20,1
4302,1027.05,816.97,False,False,0,0,9,0
4303,1070.78,680.27,False,False,1,1,13,0
4304,428.33,86.23,False,False,1,2,10,0
4305,218.45,166.14,True,False,1,5,4,1
4306,1093.17,740.09,False,False,1,0,15,0
4307,586.54,401.85,True,False,3,0,15,0
4308,1793.43,762.84,False,False,4,0,23,0
4309,398.36,256.57,False,False,2,0,22,0
4310,892.15,350.03,False,True,9,3,3,1
4311,149.27,52.04,False,False,2,0,18,0
4312,1111.2,800.41,False,False,1,1,11,0
4313,3437.7,850.55,True,True,2,3,12,1
4314,1355.84,566.88,False,False,5,1,5,0
4315,1884.02,706.81,True,True,2,0,12,0
4316,3308.09,982.49,False,False,6,0,0,1
4317,3057.18,540.71,True,False,3,0,18,0
4318,1040.78,917.22,False,False,4,0,3,0
4319,1571.04,939.2,False,False,3,0,12,0
4320,1088.86,626.53,False,False,1,0,19,0
4321,737.46,410.84,False,False,4,0,16,0
4322,776.8,645.16,False,False,3,3,5,1
4323,5578.24,692.54,True,False,1,8,7,1
4324,1899.79,995.81,False,False,3,0,2,0
4325,958.47,516.74,True,True,3,0,16,0
4326,1587.79,647.5,False,False,2,2,23,0
4327,1293.45,913.23,False,False,0,1,17,0
4328,1015.77,836.92,False,True,6,2,11,1
4329,185.67,240.03,False,False,0,4,19,0
4330,827.83,923.18,False,False,3,0,17,0
4331,820.95,810.7,True,False,2,0,9,0
4332,426.06,274.44,False,False,1,1,10,0
4333,716.88,609.77,False,True,1,0,8,0
4334,128.93,227.88,False,False,5,0,13,0
4335,1563.98,807.59,False,True,12,3,1,1
4336,329.73,172.6,False,False,3,0,20,0
4337,1037.9,488.31,False,False,1,0,2,0
4338,183.88,71.86,True,True,0,3,14,1
4339,936.04,541.77,False,True,2,0,11,0
4340,891.0,321.84,False,False,2,0,22,0
4341,1647.27,417.56,False,False,1,0,14,0
4342,1638.36,817.04,False,True,3,0,12,0
4343,1329.25,677.43,False,False,3,2,13,0
4344,2054.52,984.08,False,False,1,0,8,0
4345,476.93,415.92,False,False,4,0,13,0
4346,2518.68,914.55,True,False,4,3,10,0
4347,609.01,653.45,True,False,2,0,9,0
4348,311.55,282.85,False,False,2,2,10,0
4349,618.87,884.64,False,False,2,0,8,0
4350,171.12,779.98,False,True,5,0,17,0
4351,1799.01,749.36,False,False,0,1,19,0
4352,523.78,985.79,False,False,7,1,4,1
4353,488.9,947.52,False,False,7,0,22,0
4354,189.49,52.48,False,True,15,1,14,1
4355,1258.25,935.56,False,False,1,0,17,0
4356,1506.37,603.49,False,False,3,0,9,0
4357,915.9,759.15,False,False,2,2,12,0
4358,1669.99,672.05,True,False,3,0,22,0
4359,153.2,247.56,False,False,2,0,4,0
4360,894.32,457.17,False,True,2,1,8,0
4361,366.01,858.27,True,False,6,0,13,0
4362,839.71,540.28,False,True,0,1,22,0
4363,1221.43,540.92,False,False,2,0,0,0
4364,1660.63,678.9,True,False,1,0,15,0
4365,1351.7,701.33,False,False,5,1,18,0
4366,995.44,717.09,False,True,1,0,9,0
4367,892.41,411.17,False,False,3,1,5,0
4368,1958.86,915.64,False,False,5,0,18,0
4369,4835.79,941.81,False,True,7,3,17,1
4370,5807.24,903.01,False,False,3,0,8,0
4371,4457.17,690.61,False,False,2,0,21,0
4372,410.64,300.95,True,True,6,8,19,1
4373,2934.39,984.88,False,False,5,1,19,0
4374,632.72,389.37,False,False,4,0,18,0
4375,466.78,304.0,False,False,4,0,6,0
4376,556.97,216.96,False,True,3,1,21,1
4377,1776.08,605.72,False,False,1,0,16,0
4378,1551.9,683.04,True,True,5,0,21,1
4379,1095.56,424.21,True,False,6,6,2,1
4380,1229.49,596.12,False,False,1,0,19,0
4381,382.32,895.89,True,True,3,0,14,0
4382,1010.85,233.99,False,True,2,0,8,0
4383,617.44,262.18,False,False,1,0,17,0
4384,1191.65,540.94,False,False,3,1,20,0
4385,449.49,413.94,False,False,1,1,15,0
4386,289.99,113.98,False,False,0,0,9,0
4387,176.84,68.85,False,True,3,1,14,0
4388,1863.92,640.11,False,False,2,1,10,0
4389,760.2,135.94,False,False,4,0,23,0
4390,359.84,153.66,False,False,3,0,21,0
4391,2349.95,761.69,False,True,1,3,19,1
4392,591.8,247.28,False,False,2,0,9,0
4393,1414.91,491.44,False,False,0,0,20,0
4394,655.47,838.89,False,True,3,2,11,0
4395,871.89,398.31,False,False,2,2,1,0
4396,371.1,139.91,False,False,3,2,8,0
4397,1857.56,667.14,False,False,3,0,10,0
4398,1630.52,651.83,False,False,3,0,6,0
4399,2279.39,931.22,False,True,2,0,12,0
4400,91.15,54.05,False,False,4,0,21,0
4401,1853.84,764.41,False,False,1,0,12,0
4402,4182.76,610.56,False,False,3,1,17,0
4403,199.08,90.23,False,False,4,1,5,0
4404,1303.41,974.91,False,False,1,0,16,0
4405,527.13,482.23,False,True,5,2,6,1
4406,938.36,356.92,False,False,3,0,14,0
4407,1446.23,289.45,False,False,4,1,20,0
4408,184.89,145.69,False,False,3,1,14,0
4409,1361.94,189.64,False,True,4,0,8,0
4410,733.76,729.98,False,True,1,0,12,0
4411,1940.9,269.87,True,True,4,3,4,1
4412,1389.47,676.33,False,False,4,0,12,0
4413,2255.07,770.99,True,False,8,0,21,0
4414,748.83,748.49,False,False,6,1,19,0
4415,1079.39,394.76,True,False,3,0,1,0
4416,1495.4,275.61,False,True,6,0,10,0
4417,1229.73,515.39,False,False,1,1,23,0
4418,823.46,477.95,False,False,1,0,3,0
4419,131.23,201.98,False,False,2,1,15,0
4420,612.29,205.17,False,False,0,0,6,0
4421,729.8,703.07,False,False,1,0,16,0
4422,1734.21,691.58,False,False,1,1,6,0
4423,1752.05,913.43,False,False,2,0,15,0
4424,2152.19,821.84,False,False,2,2,7,0
4425,941.17,816.3,False,False,3,0,23,0
4426,622.41,533.33,False,True,1,0,5,0
4427,230.37,581.58,False,False,2,0,14,0
4428,1479.35,648.6,True,False,3,2,16,0
4429,2905.47,656.12,False,True,0,1,9,1
4430,829.25,400.53,False,False,4,1,2,0
4431,1293.34,439.96,False,False,2,1,23,0
4432,1705.91,952.18,False,True,1,1,14,0
4433,789.92,358.66,True,False,4,1,18,0
4434,868.97,330.19,False,False,4,4,7,0
4435,655.41,895.15,True,False,1,1,12,0
4436,178.07,78.65,False,False,0,3,16,0
4437,1596.93,866.91,False,False,0,0,17,0
4438,578.98,205.16,False,False,3,0,6,0
4439,764.5,746.5,False,False,3,0,14,0
4440,231.9,149.55,False,False,0,0,0,0
4441,3040.91,790.31,False,True,4,0,5,0
4442,4835.62,620.9,False,False,0,0,13,0
4443,1168.9,246.6,False,False,2,0,15,0
4444,1630.94,444.49,False,True,4,0,12,1
4445,211.55,118.38,False,False,5,0,7,0
4446,132.58,268.82,False,True,5,0,20,0
4447,564.72,293.25,False,True,1,1,5,0
4448,691.22,956.09,False,False,4,0,7,0
4449,127.48,56.55,False,False,1,1,5,0
4450,1056.33,465.11,False,False,1,2,18,0
4451,2080.05,688.55,False,True,6,4,13,1
4452,157.27,74.45,True,False,4,0,23,0
4453,513.39,715.77,False,False,1,0,13,0
4454,597.19,810.5,False,False,1,0,20,0
4455,1754.61,940.0,False,False,1,0,15,0
4456,2076.31,777.64,True,False,7,2,3,1
4457,1075.41,522.8,False,False,0,0,9,0
4458,83.39,101.12,False,False,4,0,8,0
4459,854.21,481.68,False,False,2,1,10,0
4460,2709.36,473.91,False,False,3,7,17,1
4461,4680.42,697.88,False,True,1,0,5,1
4462,454.01,643.55,False,False,2,1,18,0
4463,4474.97,552.2,True,False,6,1,3,1
4464,3412.21,518.57,False,False,0,0,6,0
4465,137.42,100.67,False,False,3,0,6,0
4466,1375.07,977.29,False,False,2,1,9,0
4467,554.61,446.89,False,False,3,0,19,0
4468,971.53,602.2,False,False,3,0,21,0
4469,181.18,63.63,False,False,4,0,20,0
4470,2367.67,366.2,False,True,1,0,11,0
4471,178.81,149.96,False,False,5,0,4,0
4472,2317.7,581.0,False,False,2,0,16,0
4473,383.48,498.38,False,False,5,0,20,0
4474,125.51,618.53,True,True,2,1,11,0
4475,405.71,134.55,False,False,0,0,8,0
4476,835.02,434.76,False,False,3,0,8,0
4477,684.27,428.66,False,False,5,0,23,0
4478,905.38,687.82,True,False,1,0,19,0
4479,356.44,149.42,False,False,1,0,10,0
4480,403.23,337.16,False,True,0,0,22,0
4481,1265.41,430.67,False,False,1,0,16,0
4482,2012.01,626.16,False,False,2,0,14,0
4483,1546.5,745.32,False,False,2,0,0,0
4484,1057.35,466.44,False,False,3,0,13,0
4485,2629.08,593.8,False,False,2,1,11,0
4486,803.6,738.22,False,False,1,1,17,0
4487,1115.71,829.58,True,False,5,1,19,0
4488,456.28,202.06,False,False,1,0,15,0
4489,4133.96,656.69,False,False,0,0,17,0
4490,809.83,889.4,False,False,3,0,13,0
4491,324.3,554.5,False,False,7,0,12,0
4492,98.88,377.33,True,False,4,0,2,0
4493,2021.77,711.22,True,True,3,0,12,0
4494,219.98,313.29,False,False,3,0,7,0
4495,396.93,239.34,False,False,5,0,5,0
4496,2356.35,919.14,True,False,2,0,6,0
4497,516.77,456.41,True,False,1,1,17,0
4498,982.14,669.69,False,False,1,3,7,0
4499,1099.75,776.26,False,False,2,1,21,0
4500,2326.33,804.94,False,False,1,0,10,0
4501,1064.8,697.13,True,False,1,2,3,0
4502,823.02,777.6,False,True,4,0,21,0
4503,2543.66,909.68,False,False,1,0,22,0
4504,101.13,504.61,False,False,2,0,11,0
4505,2458.81,675.76,False,True,4,1,18,0
4506,458.98,221.8,False,False,2,1,13,0
4507,2090.22,790.13,False,False,14,1,16,1
4508,375.65,362.77,False,False,0,0,15,0
4509,357.12,296.97,False,False,3,3,5,0
4510,1187.72,584.09,False,False,7,3,1,1
4511,957.15,364.6,False,True,4,1,13,0
4512,179.22,666.17,False,False,3,1,15,0
4513,865.88,879.21,False,False,3,1,5,0
4514,982.0,453.1,False,False,6,0,3,0
4515,2526.93,893.96,False,True,2,0,19,0
4516,398.4,233.85,False,False,4,0,3,0
4517,801.72,935.79,False,False,0,0,11,0
4518,776.1,590.71,False,False,1,0,17,0
4519,1136.83,568.26,False,False,2,2,1,0
4520,964.75,491.22,False,False,3,1,19,0
4521,2908.33,702.6,True,False,9,6,1,1
4522,413.45,559.94,False,True,2,3,4,0
4523,1106.6,770.54,False,False,8,0,8,0
4524,1127.09,378.57,False,False,2,1,19,0
4525,2872.73,623.48,True,True,7,4,8,1
4526,2104.11,803.68,False,False,1,1,15,0
4527,763.75,862.49,False,False,3,0,6,0
4528,1922.03,370.43,False,True,1,2,16,1
4529,1177.29,774.82,False,False,2,0,9,0
4530,1771.56,236.37,False,False,1,0,11,0
4531,1448.21,881.05,False,False,2,0,14,0
4532,631.23,346.31,False,True,2,2,18,0
4533,1526.88,773.29,False,False,0,0,14,0
4534,260.44,629.34,False,True,2,2,15,0
4535,2642.65,621.95,True,True,3,3,0,1
4536,4759.23,934.5,True,False,4,1,0,1
4537,1171.5,953.1,False,False,7,0,6,0
4538,2797.71,978.2,True,False,4,0,13,0
4539,3543.01,544.77,False,False,5,0,5,0
4540,252.51,518.92,False,True,7,0,9,0
4541,1741.01,770.65,True,False,8,1,6,0
4542,43.46,113.14,False,False,3,0,16,0
4543,810.44,337.5,True,False,0,1,4,0
4544,4890.09,768.51,False,True,6,0,14,1
4545,987.39,334.42,False,False,2,0,4,0
4546,1078.92,948.62,False,False,4,0,16,0
4547,1588.32,757.77,False,False,4,0,22,0
4548,1726.79,809.49,True,True,10,2,8,1
4549,1306.96,591.66,True,False,3,1,14,0
4550,969.17,916.08,True,True,5,1,23,1
4551,1700.41,426.63,False,True,5,1,4,1
4552,1072.59,365.66,False,False,1,4,9,0
4553,169.87,81.07,False,False,1,2,15,0
4554,1997.39,801.23,False,False,0,0,7,0
4555,701.23,399.81,False,False,2,0,2,0
4556,3747.08,949.99,False,False,1,0,5,0
4557,665.45,756.44,False,False,2,0,2,0
4558,197.16,389.92,False,False,1,0,8,0
4559,3746.35,738.88,True,True,3,3,2,1
4560,195.58,307.99,False,False,3,3,6,0
4561,853.25,848.33,True,True,14,2,3,1
4562,578.54,141.43,True,True,0,3,9,1
4563,1594.34,440.76,False,False,3,0,6,0
4564,118.4,111.07,False,True,11,3,17,1
4565,809.09,400.24,False,False,2,0,11,0
4566,362.72,342.06,False,True,4,0,6,0
4567,624.97,239.73,False,False,1,0,2,0
4568,558.86,659.02,False,False,2,0,20,0
4569,925.01,322.35,False,False,0,2,19,0
4570,1365.36,593.94,True,False,0,0,16,0
4571,493.2,452.97,False,False,1,0,21,0
4572,1121.81,660.95,False,True,1,0,10,0
4573,694.3,786.19,False,True,3,1,8,0
4574,813.5,282.01,False,True,2,0,1,0
4575,401.0,112.08,False,False,1,0,12,0
4576,1056.59,504.22,False,False,3,0,20,0
4577,101.07,72.36,False,False,2,2,23,0
4578,387.55,542.24,False,False,3,0,2,0
4579,2718.36,475.44,False,True,2,3,11,1
4580,1409.19,440.33,True,True,4,0,2,0
4581,103.6,171.73,False,False,4,3,9,0
4582,1593.76,714.71,False,False,1,1,14,0
4583,446.5,156.12,False,False,4,1,14,0
4584,693.04,442.65,True,False,4,0,8,0
4585,919.46,519.38,False,False,7,0,16,1
4586,2706.28,539.99,False,False,1,1,21,0
4587,2231.26,981.14,False,False,4,0,16,0
4588,3384.5,543.2,False,True,5,1,13,0
4589,2100.88,315.14,False,False,3,0,12,0
4590,1166.37,834.47,True,False,3,1,8,0
4591,770.84,547.82,True,True,7,1,19,1
4592,1004.41,608.71,False,False,2,0,8,0
4593,412.95,838.05,False,False,1,1,13,0
4594,1808.42,880.76,False,False,0,0,6,0
4595,2134.96,469.87,False,False,1,4,1,0
4596,2059.82,931.7,True,True,3,2,23,1
4597,216.61,389.51,True,False,4,2,8,0
4598,456.26,324.28,False,False,1,0,13,0
4599,198.15,342.41,False,False,0,0,23,0
4600,309.2,484.73,True,False,3,1,18,0
4601,1988.59,440.64,True,True,4,3,23,1
4602,548.3,734.64,False,False,0,1,4,0
4603,1520.69,646.95,False,False,1,0,17,0
4604,6862.1,911.62,True,True,5,0,17,0
4605,2166.87,759.4,False,False,1,1,19,0
4606,1505.37,622.18,False,False,1,0,13,0
4607,176.5,251.21,False,True,1,0,19,0
4608,189.11,207.67,False,False,1,0,17,0
4609,431.19,328.4,True,False,7,0,21,0
4610,670.0,252.75,True,True,4,0,23,0
4611,689.66,247.48,False,False,2,0,21,0
4612,309.59,427.66,False,False,2,0,0,0
4613,951.87,727.26,False,False,1,0,23,0
4614,275.26,102.91,False,True,2,1,14,0
4615,3216.79,411.05,False,False,3,3,7,0
4616,69.71,92.27,False,True,3,0,6,0
4617,617.07,245.31,False,False,4,3,13,0
4618,223.06,983.05,False,False,2,0,6,0
4619,304.23,354.21,False,False,2,0,20,0
4620,347.1,158.35,False,True,6,0,9,0
4621,104.12,174.2,False,False,0,0,20,0
4622,525.19,420.75,False,True,1,2,21,0
4623,467.97,544.44,False,False,2,0,6,0
4624,1135.57,746.43,False,False,1,1,17,0
4625,115.88,435.52,False,False,2,0,0,0
4626,44.23,185.96,False,False,4,0,9,0
4627,667.73,273.12,False,False,1,0,10,0
4628,1160.77,590.3,False,False,3,0,15,0
4629,1389.56,523.81,False,False,3,2,21,0
4630,4094.62,764.4,False,False,4,0,21,0
4631,5963.33,914.48,False,True,0,0,11,1
4632,2201.31,737.02,False,False,1,0,9,0
4633,588.07,270.94,False,True,5,0,16,0
4634,459.8,354.08,False,False,4,0,13,0
4635,150.36,131.08,False,False,0,0,14,0
4636,658.52,794.1,False,False,3,2,19,0
4637,250.15,191.49,False,False,0,0,11,0
4638,671.54,177.88,False,True,3,0,15,0
4639,2449.68,867.35,False,False,4,0,7,0
4640,668.37,485.22,False,False,3,1,4,0
4641,1114.16,833.5,False,True,2,3,23,0
4642,383.92,380.09,False,True,1,1,9,0
4643,208.3,148.41,True,False,3,1,10,0
4644,490.71,864.95,False,False,4,1,21,0
4645,1814.49,745.95,False,True,8,0,8,1
4646,924.14,217.82,False,True,3,1,0,1
4647,1336.73,348.37,True,True,15,3,14,1
4648,46.88,112.17,False,False,0,4,11,0
4649,645.27,298.13,False,False,1,2,10,0
4650,262.76,152.36,False,False,1,0,23,0
4651,707.04,612.27,False,True,5,2,8,0
4652,1315.33,446.74,False,False,2,0,16,0
4653,1713.5,617.08,False,False,1,0,18,0
4654,1349.73,261.88,False,True,1,3,15,1
4655,412.5,265.19,False,False,1,0,13,0
4656,1158.07,446.72,False,False,1,0,14,0
4657,1601.08,679.89,False,False,2,0,0,0
4658,406.47,211.22,False,False,5,0,19,0
4659,1503.64,705.04,False,False,5,1,9,0
4660,554.07,377.29,False,False,1,1,14,0
4661,1583.48,564.43,True,False,2,1,14,0
4662,161.36,447.26,False,False,2,0,2,0
4663,355.24,438.25,False,False,2,0,11,0
4664,1042.89,638.68,False,False,1,0,16,0
4665,407.59,152.67,False,False,2,2,23,0
4666,1090.11,367.4,False,False,1,0,8,0
4667,2650.61,821.77,True,True,5,2,13,1
4668,1462.05,816.45,False,False,3,0,12,0
4669,161.34,108.08,False,False,3,0,11,0
4670,635.27,780.29,False,False,1,0,2,0
4671,1603.76,879.53,False,False,1,0,16,0
4672,560.44,81.34,False,False,2,0,5,0
4673,365.47,288.91,False,False,0,0,19,0
4674,1297.14,627.28,True,True,3,0,8,0
4675,801.58,318.8,False,False,4,0,13,0
4676,978.85,753.41,True,True,0,1,7,1
4677,974.48,250.08,False,True,4,0,19,0
4678,1779.44,593.58,False,False,2,0,4,0
4679,1224.66,519.81,False,False,1,0,11,0
4680,2443.88,946.34,False,False,5,1,23,0
4681,187.47,246.82,True,True,0,0,6,0
4682,2035.49,782.41,False,False,1,0,14,0
4683,253.23,162.82,False,False,1,1,6,0
4684,1056.63,718.37,False,False,4,0,10,0
4685,3341.76,413.76,True,False,4,2,3,1
4686,1365.13,653.03,False,False,2,2,1,0
4687,1733.25,579.25,False,False,3,0,16,0
4688,1067.74,888.61,False,False,5,0,16,0
4689,1317.79,791.26,False,False,3,0,10,0
4690,432.44,717.27,False,False,1,0,6,0
4691,151.27,72.39,False,True,5,0,12,0
4692,1662.13,657.21,True,False,2,0,10,0
4693,783.1,971.68,False,False,0,0,17,0
4694,545.62,634.95,False,False,3,1,0,0
4695,447.39,156.31,False,False,2,0,22,0
4696,749.47,516.72,True,True,3,0,19,0
4697,541.36,229.34,True,True,6,1,2,1
4698,1086.77,645.76,False,True,7,0,8,0
4699,435.07,268.07,True,False,5,1,15,0
4700,1273.29,475.65,True,False,2,0,18,0
4701,731.37,935.29,True,False,1,0,22,0
4702,338.33,215.57,False,True,1,0,16,0
4703,1901.13,657.04,False,False,0,2,15,0
4704,145.17,81.23,False,True,1,0,19,0
4705,414.67,236.17,False,False,1,0,21,0
4706,728.25,456.99,False,False,3,0,5,0
4707,1651.94,582.7,True,False,3,0,15,0
4708,129.47,405.35,False,False,10,3,5,1
4709,597.51,207.41,False,False,4,0,14,0
4710,3390.07,436.87,False,False,4,1,6,0
4711,220.81,147.1,True,False,3,0,10,0
4712,382.58,154.41,False,True,4,1,17,0
4713,1397.54,884.91,False,False,0,1,13,0
4714,1033.8,497.73,False,False,1,0,12,0
4715,1120.57,568.88,False,False,4,0,7,0
4716,1057.49,380.08,False,False,1,0,15,0
4717,2840.8,991.86,True,True,15,2,19,1
4718,822.35,110.11,False,False,4,0,8,0
4719,100.01,101.11,False,False,3,0,19,0
4720,6974.33,964.04,False,False,3,0,14,0
4721,184.27,748.63,False,True,2,0,21,0
4722,708.79,645.82,False,False,2,0,16,0
4723,697.98,367.86,False,False,4,1,19,0
4724,1637.35,600.3,False,False,0,0,8,0
4725,987.24,396.8,False,False,1,1,16,0
4726,616.7,396.27,False,False,2,1,18,0
4727,867.6,673.47,False,False,2,0,4,0
4728,120.25,522.46,False,False,0,0,13,0
4729,1113.25,607.04,False,False,1,0,11,0
4730,708.65,930.93,False,False,2,1,7,0
4731,1227.96,563.58,False,True,2,0,7,0
4732,1253.48,268.95,False,False,3,1,1,1
4733,29.94,127.46,False,False,0,0,18,0
4734,1878.1,758.4,False,False,3,0,10,0
4735,593.13,839.01,True,False,1,1,15,0
4736,342.26,516.27,False,False,12,0,6,1
4737,1123.72,973.77,False,True,3,1,14,0
4738,100.34,311.24,False,False,3,2,8,0
4739,476.61,517.58,False,False,0,0,23,0
4740,1150.95,721.85,False,False,2,0,10,0
4741,3971.12,646.76,False,False,7,3,14,1
4742,186.41,127.27,False,False,0,0,9,0
4743,608.64,484.21,False,False,1,1,23,0
4744,1711.15,768.54,True,False,1,0,17,0
4745,1758.78,704.26,False,False,4,0,14,0
4746,725.43,606.18,False,False,1,0,14,0
4747,67.08,189.39,False,False,1,0,16,0
4748,1674.65,590.56,False,False,4,0,16,0
4749,1227.94,540.97,False,True,5,1,17,0
4750,2042.64,352.1,False,True,1,0,14,0
4751,227.93,275.72,False,False,6,0,11,0
4752,1169.64,509.53,False,False,8,0,13,0
4753,6704.08,995.76,False,False,5,2,3,1
4754,395.41,268.1,False,False,5,0,20,0
4755,1670.44,691.05,True,False,7,3,2,1
4756,2744.58,992.62,False,False,2,0,10,0
4757,421.7,946.98,False,False,3,0,6,0
4758,825.55,379.33,False,False,3,0,13,0
4759,359.41,164.1,False,True,3,0,23,0
4760,652.88,898.53,False,False,2,0,19,0
4761,472.55,61.95,False,False,1,0,6,0
4762,1437.32,632.26,False,False,2,0,12,0
4763,1156.86,539.98,False,True,12,4,4,1
4764,536.55,926.65,False,True,2,1,18,0
4765,4450.68,985.44,True,False,4,0,10,0
4766,226.53,326.34,True,False,2,1,22,0
4767,202.99,135.52,False,False,2,0,8,0
4768,98.87,95.9,True,True,2,0,9,0
4769,637.56,419.51,True,False,0,0,22,0
4770,2065.96,867.89,False,False,1,0,7,0
4771,697.63,569.45,True,False,4,2,23,0
4772,415.09,559.16,False,False,1,0,21,0
4773,1750.28,756.74,True,True,1,0,17,0
4774,1939.18,689.73,False,True,8,0,17,0
4775,809.49,826.01,False,False,2,0,6,0
4776,852.03,371.41,False,False,4,0,13,0
4777,1229.9,479.3,False,False,2,0,19,0
4778,722.73,313.62,False,False,1,1,16,0
4779,278.95,455.43,False,False,0,0,17,0
4780,4055.15,664.47,False,True,3,0,0,1
4781,1104.28,411.07,False,False,5,0,15,0
4782,1062.77,224.38,False,False,4,0,6,0
4783,751.07,445.1,False,False,3,0,21,0
4784,1045.34,952.11,False,False,3,0,20,0
4785,249.68,381.97,False,False,3,1,21,0
4786,461.41,503.56,False,False,2,0,19,0
4787,1611.35,658.83,False,False,1,1,21,0
4788,3578.98,865.61,False,True,4,2,4,1
4789,1703.42,695.36,False,True,3,0,19,0
4790,65.61,255.54,True,True,4,2,17,0
4791,308.81,120.05,False,True,1,0,12,0
4792,99.47,260.2,False,False,4,0,10,0
4793,334.83,839.7,True,False,1,2,12,0
4794,1240.23,743.51,False,True,6,0,6,0
4795,1840.95,952.13,True,False,4,0,20,0
4796,540.35,272.42,False,False,4,0,20,0
4797,228.28,930.15,False,False,3,0,5,0
4798,1993.07,488.85,False,False,4,0,22,0
4799,510.14,139.06,False,False,5,0,5,1
4800,1901.24,923.26,True,False,9,4,6,1
4801,6491.44,852.62,False,False,5,2,23,0
4802,65.47,305.18,False,False,3,2,6,0
4803,65.18,154.39,False,False,8,0,9,0
4804,363.25,394.66,False,False,2,0,8,0
4805,1390.01,188.56,True,False,4,0,17,0
4806,81.8,84.23,False,False,0,0,9,0
4807,1406.08,842.14,False,False,1,1,10,0
4808,569.66,969.97,False,False,1,0,15,0
4809,1205.81,470.5,False,True,1,0,9,0
4810,276.55,150.57,False,False,12,2,1,1
4811,1211.12,758.28,False,True,5,1,12,0
4812,2101.59,599.68,False,True,6,1,6,1
4813,2448.23,949.96,False,False,3,0,6,0
4814,992.99,729.03,False,False,4,3,21,0
4815,868.41,746.26,False,False,1,1,8,0
4816,668.48,291.93,False,False,2,1,9,0
4817,1851.06,788.01,False,False,3,0,20,0
4818,788.64,780.06,False,False,3,0,5,0
4819,205.6,197.56,False,False,4,2,11,0
4820,461.66,575.48,False,False,6,1,17,0
4821,1938.23,818.6,False,False,3,1,16,0
4822,194.76,906.55,False,False,3,0,12,0
4823,1193.29,493.39,True,False,2,3,14,0
4824,1075.18,159.44,False,False,4,0,13,0
4825,178.91,119.64,False,False,0,1,19,0
4826,566.27,396.08,False,False,3,0,7,0
4827,3172.32,941.62,True,False,9,2,0,1
4828,123.08,513.72,False,False,1,0,11,0
4829,1071.17,842.5,False,True,2,0,8,0
4830,149.81,284.16,True,False,13,3,13,1
4831,3822.38,858.0,False,True,4,1,13,1
4832,676.45,894.18,False,False,3,1,3,0
4833,1648.34,738.0,False,False,4,0,20,0
4834,909.06,579.76,False,False,6,0,14,0
4835,1100.85,626.77,False,True,5,0,14,0
4836,1276.0,668.67,True,True,6,0,3,1
4837,278.99,355.64,False,False,3,0,17,0
4838,320.09,171.65,False,False,2,1,5,0
4839,4290.13,688.09,True,False,6,3,16,1
4840,384.73,245.84,False,True,4,0,20,0
4841,378.21,166.86,True,False,1,0,22,0
4842,328.64,184.97,False,False,1,0,22,0
4843,4367.65,570.26,False,False,5,0,21,0
4844,615.62,129.63,False,False,3,4,10,0
4845,1223.78,509.71,False,False,4,0,5,0
4846,875.79,635.57,False,False,2,0,20,0
4847,301.48,147.75,False,True,2,1,16,0
4848,1033.82,414.64,False,False,13,2,17,1
4849,246.83,587.1,False,False,1,1,15,0
4850,703.92,655.36,True,False,4,0,0,0
4851,515.11,762.69,False,False,2,1,7,0
4852,829.49,386.4,True,False,4,1,19,0
4853,940.56,686.65,True,True,8,0,2,1
4854,2396.0,824.13,False,False,1,0,18,0
4855,2000.98,760.86,False,True,1,1,12,0
4856,1348.93,954.02,True,False,2,0,17,0
4857,3429.42,480.55,False,True,3,0,17,0
4858,5301.6,690.09,False,False,6,0,16,0
4859,1093.89,855.02,False,False,4,0,10,0
4860,58.74,63.3,False,False,2,0,17,0
4861,298.39,55.08,True,True,9,8,1,1
4862,1257.03,573.83,False,False,2,0,23,0
4863,1667.73,581.08,False,False,1,0,4,0
4864,678.47,492.09,True,False,6,0,15,0
4865,317.9,169.83,True,True,2,0,17,0
4866,579.28,370.15,False,True,0,0,14,0
4867,351.36,159.93,False,False,6,1,16,0
4868,582.44,284.69,True,False,4,0,18,0
4869,692.87,370.68,False,False,3,0,18,0
4870,393.77,138.35,False,False,1,0,5,0
4871,887.37,345.61,False,False,2,0,15,0
4872,476.9,290.3,False,False,1,3,8,0
4873,1464.76,899.57,False,False,1,0,6,0
4874,509.2,111.87,False,False,2,0,18,0
4875,751.58,923.77,False,False,2,0,7,0
4876,1250.78,757.05,False,False,3,0,5,0
4877,456.05,787.71,False,False,3,0,16,0
4878,63.6,199.15,False,False,0,0,11,0
4879,689.55,468.57,False,True,4,1,13,0
4880,1170.64,495.66,True,False,3,2,13,0
4881,4061.08,748.95,False,True,1,3,1,1
4882,1894.15,919.46,False,False,5,1,21,0
4883,799.57,501.15,False,False,2,0,21,0
4884,1967.57,739.06,False,False,0,0,19,0
4885,240.97,621.54,False,True,2,1,12,0
4886,152.93,592.52,False,False,3,1,9,0
4887,892.48,687.08,False,False,3,0,9,0
4888,1775.31,267.53,True,True,0,2,13,1
4889,406.17,308.95,True,True,2,4,1,1
4890,453.09,318.12,False,False,3,0,5,0
4891,1676.73,797.23,False,False,2,0,21,0
4892,340.35,565.61,False,False,2,0,11,0
4893,254.0,649.47,False,False,4,0,21,0
4894,1752.69,699.76,False,False,3,0,7,0
4895,5518.06,985.54,False,False,1,3,1,0
4896,784.32,978.21,False,False,1,0,7,0
4897,310.14,826.39,False,False,4,0,17,0
4898,323.44,121.11,False,False,4,1,9,0
4899,196.71,659.7,True,True,5,0,15,0
4900,2684.07,907.77,False,False,2,0,13,0
4901,657.88,679.32,False,True,5,0,15,0
4902,2069.5,426.58,True,True,7,6,22,1
4903,303.02,461.82,False,False,2,0,19,0
4904,1546.79,890.05,True,True,3,0,20,1
4905,4192.58,869.54,True,True,7,3,13,1
4906,576.2,223.89,False,True,6,0,21,0
4907,255.85,87.99,False,False,4,0,22,0
4908,697.27,663.26,False,False,1,1,5,0
4909,1052.8,602.24,False,False,0,0,16,0
4910,924.1,750.99,False,False,3,1,11,0
4911,712.45,186.15,True,True,13,0,1,1
4912,905.4,979.54,False,False,1,0,5,0
4913,2462.62,846.39,False,False,0,1,18,0
4914,296.56,188.21,False,False,2,1,6,0
4915,499.15,116.75,False,False,2,1,19,0
4916,357.63,277.32,False,False,4,1,11,0
4917,341.86,235.91,False,False,2,1,21,0
4918,423.82,537.09,False,False,2,2,10,0
4919,2020.87,287.0,False,False,3,0,20,0
4920,1185.55,650.21,False,False,2,2,5,0
4921,647.77,933.08,False,False,3,0,9,0
4922,278.11,196.55,False,False,2,0,19,0
4923,808.84,561.38,False,False,2,0,4,0
4924,1732.98,669.46,False,False,3,1,1,1
4925,203.23,316.6,False,False,0,0,22,0
4926,263.84,523.19,False,False,1,0,17,0
4927,207.86,184.17,True,True,7,1,17,1
4928,1451.58,619.45,False,False,2,0,22,0
4929,1170.92,721.57,False,False,3,1,4,0
4930,2493.51,917.32,False,False,4,3,15,0
4931,4047.13,933.29,True,False,2,0,20,0
4932,641.32,264.4,False,False,1,0,6,0
4933,1456.93,735.52,False,True,1,0,17,0
4934,367.05,130.34,False,True,1,0,16,0
4935,1186.58,863.26,False,False,2,1,23,0
4936,2576.7,560.65,False,False,2,0,8,0
4937,342.24,539.94,False,True,1,0,4,0
4938,2603.87,909.62,False,False,1,0,10,0
4939,1044.97,873.3,False,False,1,0,22,0
4940,251.13,343.68,False,False,2,0,23,0
4941,1429.06,248.18,False,False,2,0,3,0
4942,3728.24,722.96,False,False,1,1,21,0
4943,525.01,326.71,True,False,1,0,12,0
4944,107.26,188.0,False,False,2,0,23,0
4945,454.14,530.05,False,False,1,0,2,0
4946,2268.38,414.16,True,True,2,3,6,1
4947,2226.78,743.08,False,False,3,0,13,0
4948,111.39,64.68,False,False,8,0,10,0
4949,1400.9,659.39,False,False,1,0,17,0
4950,170.03,76.08,False,False,0,0,17,0
4951,230.85,392.68,False,False,3,0,18,0
4952,1032.53,406.23,False,False,0,0,4,0
4953,925.72,661.72,False,False,1,1,12,0
4954,880.49,930.41,False,False,4,0,9,0
4955,2410.11,801.2,False,False,5,4,1,1
4956,364.01,911.19,False,False,1,0,7,0
4957,396.54,822.74,False,False,15,1,3,1
4958,1556.54,650.78,False,False,0,2,8,0
4959,632.02,401.5,False,False,1,0,10,0
4960,367.39,301.06,False,False,5,0,6,0
4961,301.66,960.52,True,False,2,0,11,0
4962,947.33,361.24,True,True,1,0,15,0
4963,437.28,151.21,False,False,3,0,8,0
4964,2338.57,885.92,True,False,4,3,14,0
4965,890.32,436.03,False,True,0,0,16,0
4966,258.01,184.43,False,False,4,0,17,0
4967,1321.49,934.6,False,False,3,0,13,0
4968,2122.69,785.2,False,False,1,0,21,0
4969,1275.77,633.21,True,False,1,0,15,0
4970,83.16,106.81,True,False,3,0,16,0
4971,2234.93,824.47,False,False,2,0,23,0
4972,395.07,473.33,False,False,1,1,3,0
4973,1534.28,887.07,False,False,6,1,8,0
4974,1517.67,719.91,False,True,2,0,3,0
4975,691.73,502.84,False,False,1,0,6,0
4976,536.59,531.45,False,True,2,0,15,0
4977,692.02,903.01,True,False,13,3,4,1
4978,268.08,113.34,False,True,4,0,8,0
4979,566.85,359.15,False,False,0,1,8,0
4980,1998.53,943.74,False,True,5,0,21,0
4981,699.26,737.64,False,False,0,0,16,0
4982,401.41,147.03,True,False,0,0,16,0
4983,2044.49,786.06,False,True,4,0,7,0
4984,474.15,541.59,False,False,2,0,19,0
4985,259.67,980.08,False,True,5,1,17,0
4986,767.8,373.37,False,True,2,1,6,0
4987,669.59,846.71,True,False,4,0,19,0
4988,623.77,246.39,False,False,1,0,17,0
4989,1944.26,365.35,False,False,1,0,16,0
4990,610.72,245.73,False,False,6,0,14,0
4991,165.93,141.72,False,False,1,0,6,0
4992,933.95,629.56,False,False,3,0,12,0
4993,1329.97,859.84,True,True,1,1,18,1
4994,225.93,96.91,False,False,5,0,3,0
4995,545.2,764.85,False,False,2,0,11,0
4996,642.8,617.06,False,False,1,0,13,0
4997,691.84,355.98,False,False,1,0,21,0
4998,904.45,637.03,False,False,2,0,11,0
4999,107.29,53.09,True,True,9,8,1,1
5000,282.93,696.27,False,False,4,0,15,0
